,Date,Bassin,Transparence,Temperature_eau,pH,DPD_1,DPD_3,Combine,Libre_Actif,Compteur,Conso_eau
0,2018-05-08 08:00:00,GB,Clair,28.0,7.25,1.17,1.45,0.28,0.6948783292322903,53509.0,0.0
1,2018-05-08 13:30:00,GB,Clair,28.0,7.2,1.88,2.18,0.3000000000000003,1.1681436899923792,53509.0,0.0
2,2018-05-09 08:00:00,GB,Clair,28.0,7.21,1.22,1.37,0.15000000000000013,0.7514232736514344,53535.0,26.0
3,2018-05-09 14:00:00,GB,Clair,28.0,7.38,1.26,1.39,0.1299999999999999,0.6554475278427307,53535.0,0.0
4,2018-05-10 08:00:00,GB,Clair,27.8,7.17,1.07,1.2,0.1299999999999999,0.6829785146979153,53566.0,31.0
5,2018-05-10 14:30:00,GB,Clair,27.8,7.14,1.13,1.56,0.43000000000000016,0.7391202719555082,53566.0,0.0
6,2018-05-11 08:10:00,GB,Clair,27.6,7.17,1.18,1.39,0.21,0.7541799291949477,53607.0,41.0
7,2018-05-11 15:10:00,GB,Clair,27.6,7.14,1.08,1.28,0.2,0.7073025725466165,53607.0,0.0
8,2018-05-12 08:10:00,GB,Clair,27.6,7.3,0.73,0.85,0.12,0.41438601140115294,53625.0,18.0
9,2018-05-12 13:45:00,GB,Clair,27.6,7.23,1.77,1.86,0.09000000000000008,1.0738578272596009,53625.0,0.0
10,2018-05-13 08:20:00,GB,Clair,27.4,7.19,1.39,1.58,0.19000000000000014,0.874726560376113,53664.0,39.0
11,2018-05-13 14:00:00,GB,Clair,27.4,7.22,1.42,1.63,0.21,0.8705259670371095,53664.0,0.0
12,2018-05-14 09:10:00,GB,Clair,27.4,7.44,1.55,1.73,0.17999999999999994,0.7570105806202028,53720.0,56.0
13,2018-05-14 14:15:00,GB,Clair,27.4,7.26,1.55,1.73,0.17999999999999994,0.9160244502486262,53720.0,0.0
14,2018-05-15 09:00:00,GB,Clair,27.4,7.4,1.65,1.83,0.18000000000000016,0.8438359125595893,53744.0,24.0
15,2018-05-15 16:15:00,GB,Clair,27.4,7.28,1.78,1.95,0.16999999999999993,1.032056375969742,53744.0,0.0
16,2018-05-16 09:30:00,GB,Clair,27.4,7.28,1.67,1.85,0.18000000000000016,0.9682776111626228,53776.0,32.0
17,2018-05-16 15:30:00,GB,Clair,27.6,7.25,1.81,1.98,0.16999999999999993,1.0781417012960757,53776.0,0.0
18,2018-05-17 09:15:00,GB,Clair,27.4,7.15,1.59,1.83,0.24,1.0343236626309906,53820.0,44.0
19,2018-05-17 14:00:00,GB,Clair,27.4,7.22,1.47,1.59,0.1200000000000001,0.9011782898201062,53820.0,0.0
20,2018-05-18 09:10:00,GB,Clair,27.3,7.2,1.95,2.15,0.2,1.217467762563477,53873.0,53.0
21,2018-05-18 15:10:00,GB,Clair,27.3,7.2,1.4,1.68,0.28,0.8740794192763427,53873.0,0.0
22,2018-05-19 08:00:00,GB,Clair,27.0,7.2,1.78,2.03,0.24999999999999975,1.1136367339102964,53927.0,54.0
23,2018-05-19 13:30:00,GB,Clair,27.0,7.2,1.49,1.69,0.2,0.932201535688956,53927.0,0.0
24,2018-05-20 08:30:00,GB,Clair,26.9,7.1,1.24,1.4,0.15999999999999992,0.8410089784224881,53963.0,36.0
25,2018-05-20 14:00:00,GB,Clair,27.0,7.16,1.47,1.67,0.2,0.9510149525538164,53963.0,0.0
26,2018-05-21 08:00:00,GB,Clair,27.0,7.08,1.48,1.55,0.07000000000000006,1.017946361421863,53994.0,31.0
27,2018-05-21 14:40:00,GB,Clair,27.2,7.07,1.2,1.33,0.13000000000000012,0.8303256341498371,53994.0,0.0
28,2018-05-22 08:00:00,GB,Clair,27.2,7.06,1.34,1.5,0.15999999999999992,0.9337446995942305,54024.0,30.0
29,2018-05-22 14:00:00,GB,Clair,27.4,7.09,1.32,1.62,0.30000000000000004,0.8992356349376948,54024.0,0.0
30,2018-05-23 08:00:00,GB,Clair,27.4,7.16,1.43,1.55,0.1200000000000001,0.922729317949002,54059.0,35.0
31,2018-05-23 15:00:00,GB,Clair,27.4,7.19,1.48,1.59,0.1100000000000001,0.9313635319112572,54059.0,0.0
32,2018-05-24 09:07:00,GB,Clair,27.4,7.21,1.49,1.62,0.13000000000000012,0.9215564150395704,54091.0,32.0
33,2018-05-24 14:00:00,GB,Clair,27.5,7.31,1.51,1.67,0.15999999999999992,0.8492861191269419,54091.0,0.0
34,2018-05-25 08:30:00,GB,Clair,27.2,7.37,1.3,1.4,0.09999999999999988,0.6884415550976604,54134.0,43.0
35,2018-05-25 14:10:00,GB,Clair,27.2,7.11,1.36,1.53,0.16999999999999993,0.9138742223055204,54134.0,0.0
36,2018-05-26 08:00:00,GB,Clair,27.6,7.21,1.35,1.52,0.16999999999999993,0.8338036353442743,54165.0,31.0
37,2018-05-26 13:30:00,GB,Clair,28.0,7.08,1.37,1.4,0.029999999999999805,0.9368992314744972,54165.0,0.0
38,2018-05-27 08:30:00,GB,Clair,28.0,7.18,1.31,1.47,0.15999999999999992,0.8280846175380044,54193.0,28.0
39,2018-05-27 13:00:00,GB,Clair,28.0,7.21,1.46,1.68,0.22,0.8992442455172903,54193.0,0.0
40,2018-05-28 08:45:00,GB,Clair,28.0,7.21,1.32,1.48,0.15999999999999992,0.8130153452622078,54220.0,27.0
41,2018-05-28 14:10:00,GB,Clair,28.0,7.24,1.07,1.14,0.06999999999999984,0.6414160550355216,54220.0,0.0
42,2018-05-29 09:10:00,GB,Clair,28.0,7.3,1.26,1.43,0.16999999999999993,0.7130012293160213,54272.0,52.0
43,2018-05-29 14:10:00,GB,Clair,28.0,7.21,1.64,1.76,0.1200000000000001,1.0101099744166822,54272.0,0.0
44,2018-05-30 09:00:00,GB,Clair,28.0,7.21,1.69,1.74,0.05000000000000005,1.040906010222069,54318.0,46.0
45,2018-05-30 14:20:00,GB,Clair,28.0,7.25,1.73,1.87,0.14000000000000012,1.0274696663007372,54318.0,0.0
46,2018-05-31 09:00:00,GB,Clair,28.0,7.26,1.49,1.63,0.1399999999999999,0.8766384174766038,54351.0,33.0
47,2018-05-31 14:30:00,GB,Clair,28.0,7.18,1.48,1.71,0.23,0.9355459801192724,54351.0,0.0
48,2018-06-01 08:00:00,GB,Clair,28.0,7.21,1.15,1.51,0.3600000000000001,0.7083088235238929,54395.0,44.0
49,2018-06-01 14:15:00,GB,Clair,28.0,7.26,1.51,1.73,0.22,0.8884053761004508,54395.0,0.0
50,2018-06-02 08:00:00,GB,Clair,28.0,7.14,1.5,1.67,0.16999999999999993,0.979907060114971,54424.0,29.0
51,2018-06-02 14:00:00,GB,Clair,28.1,7.19,1.46,1.67,0.21,0.9144482843519164,54424.0,0.0
52,2018-06-03 08:00:00,GB,Clair,28.0,7.39,1.7,1.81,0.1100000000000001,0.8745598326494082,54455.0,31.0
53,2018-06-03 13:00:00,GB,Clair,28.2,7.24,1.55,1.75,0.2,0.927817465926174,54455.0,0.0
54,2018-06-04 09:15:00,GB,Clair,28.0,7.25,1.6,1.71,0.10999999999999988,0.9502609630527048,54498.0,43.0
55,2018-06-04 14:00:00,GB,Clair,28.0,7.24,1.57,1.69,0.11999999999999987,0.9411431835567932,54498.0,0.0
56,2018-06-05 08:56:00,GB,Clair,28.0,7.39,1.45,1.57,0.1200000000000001,0.745948092553907,54498.0,0.0
57,2018-06-05 14:00:00,GB,Clair,28.0,7.24,1.62,1.78,0.15999999999999992,0.9711158964089204,54498.0,0.0
58,2018-06-06 09:00:00,GB,Clair,27.8,7.08,1.48,1.69,0.21,1.01327919619268,54546.0,48.0
59,2018-06-06 14:15:00,GB,Clair,27.8,7.24,1.41,1.59,0.18000000000000016,0.8464524236012074,54546.0,0.0
60,2018-06-07 09:10:00,GB,Clair,27.8,7.06,1.17,1.35,0.18000000000000016,0.8125712479879391,54567.0,21.0
61,2018-06-07 14:30:00,GB,Clair,28.0,7.15,1.11,1.33,0.22,0.7193217324093224,54567.0,0.0
62,2018-06-08 08:00:00,GB,Clair,28.0,7.3,1.28,1.47,0.18999999999999995,0.7243187091464344,54608.0,41.0
63,2018-06-08 14:50:00,GB,Clair,28.3,7.28,1.41,1.61,0.20000000000000015,0.8119314847296863,54608.0,0.0
64,2018-06-09 08:00:00,GB,Clair,28.0,7.1,1.15,1.37,0.2200000000000002,0.7749031028887693,54650.0,42.0
65,2018-06-09 13:40:00,GB,Clair,28.0,7.17,1.41,1.61,0.20000000000000015,0.898823792425333,54650.0,0.0
66,2018-06-10 08:30:00,GB,Clair,27.9,7.02,1.28,1.52,0.24,0.9130495020692376,54680.0,30.0
67,2018-06-10 14:00:00,GB,Clair,28.0,7.22,1.41,1.61,0.20000000000000015,0.8607476549411741,54680.0,0.0
68,2018-06-11 09:15:00,GB,Clair,28.0,7.21,1.39,1.55,0.16000000000000014,0.856129795389749,54714.0,34.0
69,2018-06-11 14:00:00,GB,Clair,28.0,7.28,1.32,1.49,0.16999999999999993,0.7618391595685854,54714.0,0.0
70,2018-06-12 12:30:00,GB,Clair,27.8,7.27,1.31,1.52,0.21,0.7645654075505129,54748.0,34.0
71,2018-06-12 14:00:00,GB,Clair,27.8,7.27,1.33,1.52,0.18999999999999995,0.7762381618642613,54748.0,0.0
72,2018-06-13 08:10:00,GB,Clair,27.4,7.06,1.46,1.6,0.14000000000000012,1.01623034484559,54770.0,22.0
73,2018-06-13 14:20:00,GB,Clair,27.4,7.26,1.39,1.54,0.15000000000000013,0.8214670876423164,54770.0,0.0
74,2018-06-14 10:00:00,GB,Clair,27.8,7.23,1.28,1.47,0.18999999999999995,0.7754657491082321,54807.0,37.0
75,2018-06-14 14:10:00,GB,Clair,27.6,7.15,1.17,1.36,0.19000000000000014,0.7601343540844107,54807.0,0.0
76,2018-06-15 08:30:00,GB,Clair,27.0,7.24,1.33,1.51,0.17999999999999994,0.8030934597360537,54832.0,25.0
77,2018-06-15 15:00:00,GB,Clair,27.3,7.21,1.48,1.69,0.21,0.916011540929106,54832.0,0.0
78,2018-06-16 08:15:00,GB,Clair,27.0,6.94,1.57,1.83,0.26,1.181493131317546,54843.0,11.0
79,2018-06-16 14:00:00,GB,Clair,27.2,7.25,1.48,1.69,0.21,0.8841828682001698,54843.0,0.0
80,2018-06-17 08:30:00,GB,Clair,26.8,7.09,1.34,1.7,0.3599999999999999,0.9160768190569188,54905.0,62.0
81,2018-06-17 14:00:00,GB,Clair,26.9,7.18,1.41,1.72,0.31000000000000005,0.8978732029379117,54905.0,0.0
82,2018-06-18 08:20:00,GB,Clair,27.2,7.19,1.78,1.94,0.15999999999999992,1.1216773085000815,54931.0,26.0
83,2018-06-18 14:50:00,GB,Clair,27.0,7.14,1.73,1.89,0.15999999999999992,1.1372931705334859,54931.0,0.0
84,2018-06-19 08:40:00,GB,Clair,27.3,7.14,1.66,1.88,0.22,1.0892060884979586,54957.0,26.0
85,2018-06-19 14:20:00,GB,Clair,27.2,7.26,1.5,1.64,0.1399999999999999,0.8878060854169171,54957.0,0.0
86,2018-06-20 09:00:00,GB,Clair,27.4,7.04,1.3,1.48,0.17999999999999994,0.9174129228886604,54988.0,31.0
87,2018-06-20 14:30:00,GB,Clair,27.5,7.19,1.3,1.48,0.17999999999999994,0.8175350375414405,54988.0,0.0
88,2018-06-21 08:40:00,GB,Clair,27.6,7.23,1.15,1.33,0.18000000000000016,0.6977042380500234,55017.0,29.0
89,2018-06-21 14:00:00,GB,Clair,27.6,7.2,1.49,1.61,0.1200000000000001,0.9283523077784313,55017.0,0.0
90,2018-06-22 08:40:00,GB,Clair,27.1,7.21,1.26,1.42,0.15999999999999992,0.7809413275869191,55044.0,27.0
91,2018-06-22 14:00:00,GB,Clair,27.2,7.17,1.19,1.36,0.17000000000000015,0.7625790781506275,55044.0,0.0
92,2018-06-23 08:20:00,GB,Clair,26.9,7.16,1.26,1.43,0.16999999999999993,0.8156889794964264,55066.0,22.0
93,2018-06-23 13:15:00,GB,Clair,27.0,7.19,1.47,1.6,0.13000000000000012,0.9275932544166678,55066.0,0.0
94,2018-06-24 08:15:00,GB,Clair,26.9,7.23,1.04,1.22,0.17999999999999994,0.6341563038305644,55107.0,41.0
95,2018-06-24 13:00:00,GB,Clair,27.2,7.21,1.41,1.6,0.19000000000000014,0.8732978908683059,55107.0,0.0
96,2018-06-25 08:15:00,GB,Clair,27.0,7.11,1.24,1.39,0.1499999999999999,0.8342467396069595,55147.0,40.0
97,2018-06-25 14:15:00,GB,Clair,27.2,7.18,1.4,1.48,0.08000000000000007,0.8897082788849463,55147.0,0.0
98,2018-06-26 09:10:00,GB,Clair,27.1,7.04,1.01,1.16,0.1499999999999999,0.7139148067106423,55179.0,32.0
99,2018-06-26 14:00:00,GB,Clair,27.1,7.18,1.18,1.34,0.16000000000000014,0.7504007215913101,55179.0,0.0
100,2018-06-27 09:00:00,GB,Clair,27.4,7.0,1.19,1.31,0.1200000000000001,0.8621100251384681,55217.0,38.0
101,2018-06-27 14:30:00,GB,Clair,27.4,7.23,1.3,1.53,0.23,0.7898413109926408,55217.0,0.0
102,2018-06-28 09:10:00,GB,Clair,27.4,7.2,1.49,1.62,0.13000000000000012,0.9296294392039566,55283.0,66.0
103,2018-06-28 14:00:00,GB,Clair,27.8,7.16,1.42,1.54,0.1200000000000001,0.9139072198040288,55283.0,0.0
104,2018-06-29 08:30:00,GB,Clair,27.7,7.04,1.05,1.16,0.10999999999999988,0.7397933401000247,55314.0,31.0
105,2018-06-29 15:00:00,GB,Clair,28.0,7.17,1.47,1.67,0.2,0.9370716133796024,55314.0,0.0
106,2018-06-30 08:00:00,GB,Clair,27.9,7.02,1.25,1.35,0.10000000000000007,0.8916499043644898,55347.0,33.0
107,2018-06-30 13:45:00,GB,Clair,28.3,7.05,1.32,1.41,0.08999999999999986,0.920667684080278,55347.0,0.0
108,2018-07-01 08:30:00,GB,Clair,28.5,7.18,1.31,1.36,0.05000000000000005,0.8253588316166974,55347.0,0.0
109,2018-07-01 14:20:00,GB,Clair,28.8,7.12,1.48,1.58,0.10000000000000007,0.9774537319585614,55347.0,0.0
110,2018-07-02 11:00:00,GB,Clair,28.8,7.01,1.49,1.62,0.13000000000000012,1.0649716563935543,55419.0,72.0
111,2018-07-02 14:20:00,GB,Clair,28.9,7.24,1.45,1.47,0.020000000000000014,0.8636309255822917,55419.0,0.0
112,2018-07-03 09:00:00,GB,Clair,28.4,7.13,1.29,1.42,0.1299999999999999,0.8473446447905979,55451.0,32.0
113,2018-07-03 14:00:00,GB,Clair,28.8,7.17,1.27,1.42,0.1499999999999999,0.8053916804762438,55451.0,0.0
114,2018-07-04 08:45:00,GB,Clair,28.8,7.33,1.21,1.39,0.17999999999999994,0.6598196410717709,55502.0,51.0
115,2018-07-04 14:30:00,GB,Clair,28.7,7.27,1.31,1.42,0.10999999999999988,0.7594374883162088,55502.0,0.0
116,2018-07-05 08:15:00,GB,Clair,28.6,7.17,1.03,1.42,0.3899999999999999,0.6540345984642029,55549.0,47.0
117,2018-07-05 13:00:00,GB,Clair,29.0,7.2,1.14,1.38,0.24,0.7035722280128347,55549.0,0.0
118,2018-07-06 08:15:00,GB,Clair,28.5,7.14,1.22,1.3,0.08000000000000007,0.7945179687635018,55581.0,32.0
119,2018-07-06 15:00:00,GB,Clair,28.8,7.09,1.41,1.62,0.2100000000000002,0.9528175213255532,55581.0,0.0
120,2018-07-07 08:30:00,GB,Clair,28.6,7.22,1.41,1.57,0.16000000000000014,0.8571525746634708,55617.0,36.0
121,2018-07-07 13:00:00,GB,Clair,29.0,7.2,1.47,1.68,0.21,0.9072378729639184,55617.0,0.0
122,2018-07-08 08:20:00,GB,Clair,28.8,6.9,1.41,1.58,0.17000000000000015,1.0765011496836543,55662.0,45.0
123,2018-07-08 14:00:00,GB,Clair,29.2,7.1,1.49,1.7,0.21,0.9970251118040492,55662.0,0.0
124,2018-07-09 08:30:00,GB,Clair,28.8,7.19,1.48,1.69,0.21,0.9226589415830008,55662.0,0.0
125,2018-07-09 14:40:00,GB,Clair,29.2,7.09,1.75,1.91,0.15999999999999992,1.1798886176906174,55662.0,0.0
126,2018-07-10 08:30:00,GB,Clair,28.6,7.39,1.51,1.74,0.23,0.7727748548666515,55731.0,69.0
127,2018-07-10 14:00:00,GB,Clair,28.8,7.34,1.6,1.74,0.1399999999999999,0.8633449264693281,55731.0,0.0
128,2018-07-11 08:30:00,GB,Clair,28.2,7.16,1.51,1.68,0.16999999999999993,0.9693342731728728,55812.0,81.0
129,2018-07-11 14:40:00,GB,Clair,28.2,7.16,1.76,1.89,0.1299999999999999,1.1298200799895737,55812.0,0.0
130,2018-07-12 08:30:00,GB,Clair,28.0,7.26,1.92,2.03,0.10999999999999988,1.129628027889315,55909.0,97.0
131,2018-07-12 14:20:00,GB,Clair,28.2,7.17,1.73,1.95,0.22,1.1013760714341396,55909.0,0.0
132,2018-07-13 08:10:00,GB,Clair,28.5,7.0,1.8,1.95,0.1499999999999999,1.2968752329303188,55985.0,76.0
133,2018-07-13 14:00:00,GB,Clair,28.1,7.21,2.04,2.28,0.23999999999999974,1.255610562507403,55985.0,0.0
134,2018-07-14 08:30:00,GB,Clair,28.3,7.37,1.61,1.8,0.18999999999999995,0.8446053840176476,56012.0,27.0
135,2018-07-14 13:30:00,GB,Clair,28.5,7.26,1.57,1.76,0.18999999999999995,0.92030521281298,56012.0,0.0
136,2018-07-15 07:45:00,GB,Clair,28.6,7.28,1.68,1.89,0.21,0.9652189811868216,56043.0,31.0
137,2018-07-15 14:00:00,GB,Clair,28.8,7.25,1.59,1.79,0.2,0.938854418731816,56043.0,0.0
138,2018-07-16 08:10:00,GB,Clair,28.5,7.19,1.18,1.67,0.49,0.7371011268140805,56074.0,31.0
139,2018-07-16 13:45:00,GB,Clair,28.6,7.18,1.23,1.51,0.28,0.7744470342272972,56074.0,0.0
140,2018-07-17 08:30:00,GB,Clair,28.5,7.26,2.67,2.96,0.29000000000000004,1.5651050434462779,56117.0,43.0
141,2018-07-17 14:00:00,GB,Clair,28.2,7.33,2.69,2.92,0.23,1.4739705727354817,56117.0,0.0
142,2018-07-18 08:00:00,GB,Clair,28.3,7.06,2.19,2.35,0.16000000000000014,1.5167830690641049,56156.0,39.0
143,2018-07-18 14:00:00,GB,Clair,28.4,7.3,2.41,2.79,0.3799999999999999,1.3595152977178409,56156.0,0.0
144,2018-07-19 08:15:00,GB,Clair,28.4,7.01,1.57,1.74,0.16999999999999993,1.1244137495985589,56194.0,38.0
145,2018-07-19 15:00:00,GB,Clair,28.3,7.24,1.46,1.63,0.16999999999999993,0.8733170262339219,56194.0,0.0
146,2018-07-20 07:00:00,GB,Clair,28.6,7.25,1.29,1.34,0.05000000000000005,0.7628126046381243,56194.0,0.0
147,2018-07-20 14:20:00,GB,Clair,28.6,7.12,1.35,1.49,0.1399999999999999,0.8926641469158099,56194.0,0.0
148,2018-07-21 07:30:00,GB,Clair,28.3,7.11,1.44,1.52,0.08000000000000007,0.9612800793277652,56194.0,0.0
149,2018-07-21 14:00:00,GB,Clair,28.2,7.1,1.45,1.56,0.1100000000000001,0.9759068811169712,56194.0,0.0
150,2018-07-22 07:15:00,GB,Clair,28.3,7.23,1.46,1.61,0.15000000000000013,0.8813789480991567,56207.0,13.0
151,2018-07-22 14:40:00,GB,Clair,28.2,7.2,1.51,1.72,0.21,0.9369670540378252,56207.0,0.0
152,2018-07-23 06:45:00,GB,Clair,28.4,7.31,1.12,1.38,0.2599999999999998,0.6254576155772591,56238.0,31.0
153,2018-07-23 14:15:00,GB,Clair,28.8,7.29,1.33,1.42,0.08999999999999986,0.7554817561357885,56238.0,0.0
154,2018-07-24 09:00:00,GB,Clair,28.6,7.3,1.2,1.33,0.13000000000000012,0.6758895022623951,56270.0,32.0
155,2018-07-24 14:00:00,GB,Clair,28.8,7.12,0.93,1.06,0.13,0.614210791028015,56270.0,0.0
156,2018-07-25 08:45:00,GB,Clair,29.0,7.26,1.15,1.36,0.2100000000000002,0.6716494007580329,56304.0,34.0
157,2018-07-25 14:45:00,GB,Clair,29.4,7.05,1.03,1.15,0.11999999999999987,0.7141835666451831,56304.0,0.0
158,2018-07-26 08:00:00,GB,Clair,29.4,7.25,1.64,1.85,0.2100000000000002,0.9642239589054564,56354.0,50.0
159,2018-07-26 13:30:00,GB,Clair,29.7,7.29,1.47,1.69,0.22,0.8293628367444495,56354.0,0.0
160,2018-07-27 08:10:00,GB,Clair,29.7,7.2,2.25,2.53,0.2799999999999998,1.3821769224462672,56386.0,32.0
161,2018-07-27 14:00:00,GB,Clair,30.0,7.29,1.59,1.78,0.18999999999999995,0.8950643268315946,56386.0,0.0
162,2018-07-28 08:30:00,GB,Clair,29.7,7.24,2.23,2.41,0.18000000000000016,1.3207439649417094,56431.0,45.0
163,2018-07-28 13:30:00,GB,Clair,29.7,7.3,1.58,1.79,0.21,0.8824658584481184,56431.0,0.0
164,2018-07-29 08:30:00,GB,Clair,29.7,7.4,2.15,2.48,0.3300000000000001,1.0776391898357776,56463.0,32.0
165,2018-07-29 13:00:00,GB,Clair,29.4,7.29,1.6,1.82,0.22,0.904738715265644,56463.0,0.0
166,2018-07-30 08:15:00,GB,Clair,29.5,7.36,2.12,2.33,0.21,1.1131943591479387,56495.0,32.0
167,2018-07-30 15:40:00,GB,Clair,29.7,7.34,1.6,1.86,0.26,0.8571286867648178,56495.0,0.0
168,2018-07-31 08:15:00,GB,Clair,29.5,7.39,1.77,1.95,0.17999999999999994,0.8988816544242053,56539.0,44.0
169,2018-07-31 15:15:00,GB,Clair,29.5,7.28,1.58,1.79,0.21,0.9016867228244364,56539.0,0.0
170,2018-08-01 08:30:00,GB,Clair,29.3,7.23,1.77,1.92,0.1499999999999999,1.0610567192737972,56584.0,45.0
171,2018-08-01 14:00:00,GB,Clair,29.5,7.16,1.72,1.94,0.22,1.095083603747898,56584.0,0.0
172,2018-08-02 08:30:00,GB,Clair,29.4,7.28,1.61,1.79,0.17999999999999994,0.9194882659477146,56641.0,57.0
173,2018-08-02 15:30:00,GB,Clair,29.8,7.3,1.5,1.66,0.15999999999999992,0.8371510892637191,56641.0,0.0
174,2018-08-03 08:10:00,GB,Clair,29.5,7.29,1.98,2.16,0.18000000000000016,1.1187741394193609,56680.0,39.0
175,2018-08-03 14:00:00,GB,Clair,29.9,7.3,1.69,1.81,0.1200000000000001,0.9424790786539492,56680.0,0.0
176,2018-08-04 08:30:00,GB,Clair,29.5,7.31,1.85,1.99,0.1399999999999999,1.0243215468388405,56730.0,50.0
177,2018-08-04 13:30:00,GB,Clair,30.0,7.3,1.67,1.89,0.22,0.9306247053705304,56730.0,0.0
178,2018-08-05 08:45:00,GB,Clair,29.4,7.42,1.83,2.17,0.33999999999999986,0.8985420247394664,56771.0,41.0
179,2018-08-05 14:00:00,GB,Clair,29.5,7.3,1.69,1.8,0.1100000000000001,0.94533553849486,56771.0,0.0
180,2018-08-06 08:30:00,GB,Clair,29.4,7.04,1.02,1.33,0.31000000000000005,0.7122206722914614,56821.0,50.0
181,2018-08-06 14:00:00,GB,Clair,29.7,7.4,0.72,0.93,0.21000000000000008,0.3608838217124465,56821.0,0.0
182,2018-08-07 08:00:00,GB,Clair,29.7,7.32,1.68,1.96,0.28,0.919193224272724,56850.0,29.0
183,2018-08-07 14:00:00,GB,Clair,29.9,7.54,1.67,1.88,0.21,0.7021748497787094,56850.0,0.0
184,2018-08-08 07:30:00,GB,Clair,29.2,7.19,1.72,1.87,0.15000000000000013,1.069451393465558,56914.0,64.0
185,2018-08-08 13:50:00,GB,Clair,29.2,7.11,1.41,1.9,0.49,0.936278025441638,56914.0,0.0
186,2018-08-09 08:00:00,GB,Clair,29.0,7.24,1.61,1.79,0.17999999999999994,0.9582486791092296,56971.0,57.0
187,2018-08-09 14:15:00,GB,Clair,28.6,7.3,1.53,1.85,0.3200000000000001,0.8617591153845536,56971.0,0.0
188,2018-08-10 07:30:00,GB,Clair,28.1,7.3,1.48,1.69,0.21,0.8368398486892887,57025.0,54.0
189,2018-08-10 14:00:00,GB,Clair,28.4,7.23,1.65,1.93,0.28,0.9953752042229784,57025.0,0.0
190,2018-08-11 08:30:00,GB,Clair,28.1,7.3,2.05,2.16,0.11000000000000032,1.159136276900704,57088.0,63.0
191,2018-08-11 14:00:00,GB,Clair,28.2,7.3,1.69,1.89,0.2,0.9548361679806692,57088.0,0.0
192,2018-08-12 08:30:00,GB,Clair,28.0,7.21,2.21,2.5,0.29000000000000004,1.3611847825980905,57161.0,73.0
193,2018-08-12 14:00:00,GB,Clair,28.4,7.33,1.49,1.61,0.1200000000000001,0.8151194688850112,57161.0,0.0
194,2018-08-13 08:30:00,GB,Clair,28.2,7.33,1.6,1.71,0.10999999999999988,0.8767111213296545,57226.0,65.0
195,2018-08-13 14:00:00,GB,Clair,28.3,7.11,2.29,2.4,0.10999999999999988,1.5287023483754048,57226.0,0.0
196,2018-08-14 08:00:00,GB,Clair,28.1,7.32,2.13,2.3,0.16999999999999993,1.1801997316014812,57271.0,45.0
197,2018-08-14 13:50:00,GB,Clair,28.3,7.14,2.05,2.2,0.15000000000000036,1.3367071952243472,57271.0,0.0
198,2018-08-15 07:30:00,GB,Clair,28.0,7.44,1.48,1.69,0.21,0.7187954368431925,57338.0,67.0
199,2018-08-15 13:50:00,GB,Clair,28.1,7.39,1.36,1.56,0.2,0.6990371633755159,57338.0,0.0
200,2018-08-16 08:30:00,GB,Clair,27.7,7.2,1.34,1.41,0.06999999999999984,0.8343217563335757,57375.0,37.0
201,2018-08-16 15:20:00,GB,Clair,28.3,7.35,1.5,1.61,0.1100000000000001,0.8041044812686491,57375.0,0.0
202,2018-08-17 07:30:00,GB,Clair,27.9,7.3,1.61,1.83,0.22,0.9117700444368921,57401.0,26.0
203,2018-08-17 14:15:00,GB,Clair,27.9,7.16,1.42,1.5,0.08000000000000007,0.9133182264682864,57401.0,0.0
204,2018-08-18 08:30:00,GB,Clair,27.5,7.49,1.35,1.58,0.23,0.6199782041693105,57437.0,36.0
205,2018-08-18 13:20:00,GB,Clair,27.6,7.29,1.49,1.69,0.2,0.8542082242353479,57437.0,0.0
206,2018-08-19 08:30:00,GB,Clair,27.6,7.14,1.32,1.44,0.11999999999999987,0.8644809220014202,57462.0,25.0
207,2018-08-19 13:00:00,GB,Clair,27.7,7.25,1.41,1.59,0.18000000000000016,0.8392608494873015,57462.0,0.0
208,2018-08-20 09:30:00,GB,Clair,27.7,7.18,0.5,0.69,0.18999999999999995,0.31669296938871694,57489.0,27.0
209,2018-08-20 14:00:00,GB,Clair,27.7,7.16,0.51,0.67,0.16000000000000006,0.32844630808670594,57489.0,0.0
210,2018-08-21 08:00:00,GB,Clair,27.7,7.25,0.59,0.78,0.19000000000000009,0.3511800717712822,57512.0,23.0
211,2018-08-21 13:45:00,GB,Clair,27.8,7.18,0.52,0.62,0.09999999999999998,0.32914173051553114,57512.0,0.0
212,2018-08-22 08:20:00,GB,Clair,27.7,7.24,1.41,1.54,0.13000000000000012,0.8470656336417968,57522.0,10.0
213,2018-08-22 14:00:00,GB,Clair,27.8,7.23,1.43,1.59,0.16000000000000014,0.8663406415818529,57522.0,0.0
214,2018-08-23 08:30:00,GB,Clair,27.9,7.28,1.27,1.39,0.11999999999999987,0.7335402760690836,57559.0,37.0
215,2018-08-23 14:00:00,GB,Clair,28.0,7.29,1.24,1.36,0.1200000000000001,0.7086869331008273,57559.0,0.0
216,2018-08-24 08:45:00,GB,Clair,27.9,7.29,1.28,1.43,0.1499999999999999,0.732112797840918,57581.0,22.0
217,2018-08-24 14:00:00,GB,Clair,27.7,7.52,1.26,1.36,0.10000000000000007,0.5559693616569349,57581.0,0.0
218,2018-08-25 09:30:00,GB,Clair,27.7,7.26,0.7,0.79,0.09000000000000008,0.4127625794452355,57605.0,24.0
219,2018-08-25 15:15:00,GB,Clair,27.4,7.31,1.51,1.56,0.05000000000000005,0.8499654106115679,57605.0,0.0
220,2018-08-26 07:30:00,GB,Clair,26.8,7.22,1.24,1.3,0.06000000000000005,0.7634314905992506,57643.0,38.0
221,2018-08-26 15:00:00,GB,Clair,27.2,7.26,1.3,1.38,0.07999999999999985,0.7694319406946613,57643.0,0.0
222,2018-08-27 09:00:00,GB,Clair,27.3,7.37,1.24,1.4,0.15999999999999992,0.6560994065933944,57681.0,38.0
223,2018-08-27 14:00:00,GB,Clair,27.3,7.2,1.01,1.08,0.07000000000000006,0.6305858667636473,57681.0,0.0
224,2018-08-28 08:00:00,GB,Clair,27.1,7.4,0.84,0.95,0.11,0.4307466665809719,57711.0,30.0
225,2018-08-28 15:00:00,GB,Clair,27.2,7.31,1.2,1.32,0.1200000000000001,0.6765530001710198,57711.0,0.0
226,2018-08-29 08:30:00,GB,Clair,27.3,7.46,1.75,1.87,0.1200000000000001,0.8353672814503252,57760.0,49.0
227,2018-08-29 14:00:00,GB,Clair,27.4,7.2,1.64,1.72,0.08000000000000007,1.0232162954996569,57760.0,0.0
228,2018-08-30 08:56:00,GB,Clair,27.3,7.4,1.47,1.59,0.1200000000000001,0.7524544405439987,57760.0,0.0
229,2018-08-30 13:55:00,GB,Clair,27.2,7.4,1.25,1.35,0.10000000000000007,0.6404163559529947,57786.0,26.0
230,2018-08-31 08:00:00,GB,Clair,27.0,7.37,1.5,1.61,0.1100000000000001,0.7957351245521135,57831.0,45.0
231,2018-08-31 14:30:00,GB,Clair,27.3,7.3,1.49,1.62,0.13000000000000012,0.8478064090866282,57831.0,0.0
232,2018-09-01 07:30:00,GB,Clair,26.9,7.23,1.24,1.25,0.010000000000000007,0.7561094391825961,57863.0,32.0
233,2018-09-01 15:00:00,GB,Clair,27.1,7.21,1.12,1.15,0.029999999999999805,0.6941700689661505,57863.0,0.0
234,2018-09-02 07:30:00,GB,Clair,26.7,7.2,1.2,1.25,0.05000000000000005,0.7523324353837263,57893.0,30.0
235,2018-09-02 15:30:00,GB,Clair,27.1,7.09,1.23,1.25,0.020000000000000014,0.8393956874889932,57893.0,0.0
236,2018-09-10 09:00:00,GB,Clair,27.1,7.51,1.36,1.52,0.15999999999999992,0.6115194068089029,58088.0,195.0
237,2018-09-10 15:00:00,GB,Clair,27.3,7.34,1.18,1.3,0.1200000000000001,0.6446126567195618,58088.0,0.0
238,2018-09-11 08:40:00,GB,Clair,27.2,7.39,1.17,1.26,0.09000000000000008,0.6061584647025366,58120.0,32.0
239,2018-09-11 14:30:00,GB,Clair,27.3,7.3,1.62,1.74,0.11999999999999987,0.9217760957854616,58120.0,0.0
240,2018-09-12 08:15:00,GB,Clair,27.5,7.16,1.66,1.9,0.24,1.0704454937401284,58152.0,32.0
241,2018-09-12 14:00:00,GB,Clair,27.6,7.34,1.52,1.64,0.11999999999999987,0.82828173636198,58152.0,0.0
242,2018-09-13 08:40:00,GB,Clair,27.4,7.25,1.62,1.68,0.059999999999999824,0.9663907341426664,58152.0,0.0
243,2018-09-13 16:40:00,GB,Clair,27.3,7.18,1.63,1.71,0.08000000000000007,1.0351803638378616,58152.0,0.0
244,2018-09-14 09:00:00,GB,Clair,27.3,7.21,1.7,1.81,0.1100000000000001,1.0521754186347838,58225.0,73.0
245,2018-09-14 14:30:00,GB,Clair,27.3,7.16,1.72,1.83,0.1100000000000001,1.1105778100788504,58225.0,0.0
246,2018-09-15 08:30:00,GB,Clair,27.0,7.18,1.79,1.95,0.15999999999999992,1.1390856167290837,58227.0,2.0
247,2018-09-15 14:00:00,GB,Clair,27.3,7.14,1.78,1.9,0.11999999999999987,1.1679438780279314,58227.0,0.0
248,2018-09-16 08:20:00,GB,Clair,27.1,7.19,1.57,1.77,0.2,0.9900189467422488,58297.0,70.0
249,2018-09-16 13:30:00,GB,Clair,27.5,7.17,1.59,1.71,0.11999999999999987,1.0168938863746857,58297.0,0.0
250,2018-09-17 09:00:00,GB,Clair,27.4,7.24,1.77,1.88,0.10999999999999988,1.0656582866117357,58329.0,32.0
251,2018-09-17 16:00:00,GB,Clair,27.4,7.23,1.77,1.88,0.10999999999999988,1.0753993234284416,58329.0,0.0
252,2018-09-18 09:00:00,GB,Clair,27.4,7.26,1.71,1.78,0.07000000000000006,1.010581812854936,58355.0,26.0
253,2018-09-18 14:15:00,GB,Clair,27.7,7.3,1.55,1.71,0.15999999999999992,0.8791690501837405,58355.0,0.0
254,2018-09-19 08:56:00,GB,Clair,27.9,7.24,1.82,1.95,0.1299999999999999,1.0917943945755522,58381.0,26.0
255,2018-09-19 14:00:00,GB,Clair,27.9,7.2,2.06,2.14,0.08000000000000007,1.2808607589355925,58381.0,0.0
256,2018-09-20 08:40:00,GB,Clair,27.6,7.16,1.56,1.63,0.06999999999999984,1.0053093221884484,58439.0,58.0
257,2018-09-20 14:00:00,GB,Clair,28.0,7.19,1.53,1.63,0.09999999999999988,0.9589352486278896,58439.0,0.0
259,2018-09-21 14:00:00,GB,Clair,27.5,7.08,1.35,1.52,0.16999999999999993,0.9258630176558014,58439.0,0.0
260,2018-09-22 08:20:00,GB,Clair,27.2,7.08,1.39,1.56,0.17000000000000015,0.9549415000397028,58517.0,78.0
261,2018-09-22 14:40:00,GB,Clair,27.3,7.11,1.47,1.62,0.15000000000000013,0.9871946568412568,58517.0,0.0
262,2018-09-23 09:00:00,GB,Clair,27.7,7.15,1.39,1.63,0.24,0.9024903133165364,58558.0,41.0
263,2018-09-23 14:00:00,GB,Clair,27.9,7.19,1.42,1.53,0.1100000000000001,0.8905908935010788,58558.0,0.0
264,2018-09-24 08:30:00,GB,Clair,27.8,7.32,1.64,1.81,0.17000000000000015,0.9108891485786424,58598.0,40.0
265,2018-09-24 14:30:00,GB,Clair,27.8,7.45,1.68,1.81,0.13000000000000012,0.8077847424443457,58598.0,0.0
266,2018-09-25 09:50:00,GB,Clair,27.8,7.23,1.5,1.58,0.08000000000000007,0.9087489247362092,58643.0,45.0
267,2018-09-25 14:15:00,GB,Clair,27.6,7.22,1.41,1.51,0.10000000000000007,0.8631737287871641,58643.0,0.0
268,2018-09-26 10:00:00,GB,Clair,27.3,7.21,1.55,1.66,0.10999999999999988,0.9593364111081852,58677.0,34.0
269,2018-09-26 14:00:00,GB,Clair,27.8,7.2,1.49,1.69,0.2,0.9270811559508166,58677.0,0.0
270,2018-09-27 08:30:00,GB,Clair,27.5,7.1,1.91,2.19,0.28,1.290812127074103,58701.0,24.0
271,2018-09-27 14:00:00,GB,Clair,28.0,7.19,1.51,1.79,0.28,0.9464001473386362,58701.0,0.0
272,2018-09-28 08:30:00,GB,Clair,27.8,7.18,1.49,1.69,0.2,0.943117650900272,58740.0,39.0
273,2018-09-28 14:15:00,GB,Clair,28.1,7.13,1.95,2.26,0.30999999999999983,1.2832247167148303,58740.0,0.0
274,2018-09-29 08:15:00,GB,Clair,27.3,7.18,1.59,1.79,0.2,1.009777164725276,58778.0,38.0
275,2018-09-29 12:00:00,GB,Clair,27.6,7.24,2.27,2.58,0.31000000000000005,1.3647052276399965,58778.0,0.0
276,2018-09-30 08:45:00,GB,Clair,27.0,7.16,3.44,3.62,0.18000000000000016,2.2255043787653936,58814.0,36.0
277,2018-09-30 14:00:00,GB,Clair,27.6,7.2,2.82,3.02,0.20000000000000015,1.7570157771377017,58814.0,0.0
278,2018-10-01 08:40:00,GB,Clair,27.3,7.12,1.32,1.52,0.2,0.8797302835787053,58840.0,26.0
279,2018-10-01 14:45:00,GB,Clair,27.8,7.1,1.31,1.41,0.09999999999999988,0.8837545895707951,58840.0,0.0
280,2018-10-02 08:20:00,GB,Clair,27.5,7.07,1.13,1.26,0.13000000000000012,0.7805638459443267,58870.0,30.0
281,2018-10-02 15:00:00,GB,Clair,27.8,7.15,1.23,1.31,0.08000000000000007,0.7980986188767791,58870.0,0.0
282,2018-10-03 08:20:00,GB,Clair,27.8,7.17,1.41,1.62,0.2100000000000002,0.8999997249757574,58897.0,27.0
283,2018-10-03 15:45:00,GB,Clair,27.8,7.2,1.34,1.83,0.49,0.8337508382376473,58897.0,0.0
284,2018-10-04 09:00:00,GB,Clair,27.6,7.23,1.42,1.66,0.24,0.8615130591574202,58927.0,30.0
285,2018-10-04 14:00:00,GB,Clair,27.1,7.22,1.38,1.63,0.25,0.8478084000266917,58927.0,0.0
286,2018-10-05 08:40:00,GB,Clair,27.5,7.16,1.44,1.64,0.2,0.9285792234854128,58969.0,42.0
287,2018-10-05 13:50:00,GB,Clair,27.8,7.19,1.42,1.58,0.16000000000000014,0.8911910094856321,58969.0,0.0
288,2018-10-06 08:20:00,GB,Clair,27.8,7.06,1.54,1.73,0.18999999999999995,1.069538223847373,59010.0,41.0
289,2018-10-06 13:40:00,GB,Clair,27.8,7.15,1.48,1.68,0.2,0.9603137853151488,59010.0,0.0
290,2018-10-07 08:30:00,GB,Clair,27.8,7.01,1.23,1.4,0.16999999999999993,0.8835966437666742,59040.0,30.0
291,2018-10-07 14:00:00,GB,Clair,27.6,7.24,1.33,1.53,0.2,0.7995850012163856,59040.0,0.0
292,2018-10-08 08:30:00,GB,Clair,27.3,6.97,1.35,1.52,0.16999999999999993,0.9968260572956068,59064.0,24.0
293,2018-10-08 14:00:00,GB,Clair,27.6,7.2,1.56,2.01,0.4499999999999997,0.971966174586814,59064.0,0.0
294,2018-10-09 08:50:00,GB,Clair,27.5,7.26,1.28,1.62,0.3400000000000001,0.7558931650980106,59105.0,41.0
295,2018-10-09 14:10:00,GB,Clair,27.6,7.03,1.24,1.45,0.21,0.8800403961220922,59105.0,0.0
296,2018-10-10 08:30:00,GB,Clair,27.8,7.14,1.21,1.43,0.22,0.7914473708550132,59147.0,42.0
297,2018-10-10 14:40:00,GB,Clair,27.9,7.14,1.58,1.76,0.17999999999999994,1.0328137558899932,59147.0,0.0
298,2018-10-11 08:50:00,GB,Clair,28.2,7.14,1.35,1.66,0.30999999999999983,0.8808179220659933,59173.0,26.0
299,2018-10-11 14:00:00,GB,Clair,28.0,7.14,1.44,1.59,0.15000000000000013,0.940710777710372,59173.0,0.0
300,2018-10-12 08:40:00,GB,Clair,28.2,7.21,1.39,1.55,0.16000000000000014,0.8549487724708584,59213.0,40.0
301,2018-10-12 14:45:00,GB,Clair,27.8,7.13,1.67,1.87,0.20000000000000015,1.1009973342715047,59213.0,0.0
302,2018-10-13 08:10:00,GB,Clair,28.4,7.08,1.5,1.67,0.16999999999999993,1.0234771094696429,59241.0,28.0
303,2018-10-13 13:30:00,GB,Clair,28.7,7.19,1.48,1.69,0.21,0.923271035753186,59241.0,0.0
304,2018-10-14 08:30:00,GB,Clair,28.6,7.04,1.34,1.6,0.26,0.9396025233620732,59265.0,24.0
305,2018-10-14 14:00:00,GB,Clair,28.7,7.19,1.48,1.68,0.2,0.923271035753186,59265.0,0.0
306,2018-10-15 08:45:00,GB,Clair,27.8,7.23,1.52,1.66,0.1399999999999999,0.9208655770660256,59288.0,23.0
307,2018-10-15 14:50:00,GB,Clair,28.5,7.14,1.39,1.56,0.17000000000000015,0.9052294890010388,59288.0,0.0
308,2018-10-16 08:00:00,GB,Clair,28.5,7.57,1.47,1.61,0.14000000000000012,0.6021192854964459,59307.0,19.0
309,2018-10-16 14:00:00,GB,Clair,28.8,7.12,1.63,1.8,0.17000000000000015,1.0765199885759829,59307.0,0.0
310,2018-10-17 08:20:00,GB,Clair,28.4,7.06,1.65,1.79,0.14000000000000012,1.1421554063910346,59334.0,27.0
311,2018-10-17 13:45:00,GB,Clair,28.4,7.11,1.58,1.68,0.09999999999999988,1.054112702850026,59334.0,0.0
312,2018-10-18 08:45:00,GB,Clair,28.1,7.15,1.51,1.76,0.25,0.9779174848976788,59350.0,16.0
313,2018-10-18 13:45:00,GB,Clair,28.3,7.18,1.54,1.71,0.16999999999999993,0.9715463314191484,59350.0,0.0
314,2018-10-19 08:30:00,GB,Clair,27.8,7.03,1.62,1.8,0.17999999999999994,1.1485174439429693,59373.0,23.0
315,2018-10-19 14:20:00,GB,Clair,27.8,7.03,1.68,1.87,0.19000000000000014,1.191055127051968,59373.0,0.0
316,2018-10-20 08:20:00,GB,Clair,27.5,7.12,1.34,1.57,0.23,0.8919682437155849,59398.0,25.0
317,2018-10-20 14:00:00,GB,Clair,27.6,7.24,1.36,1.56,0.2,0.8176207531235222,59398.0,0.0
318,2018-10-21 08:30:00,GB,Clair,27.0,6.93,1.23,1.59,0.3600000000000001,0.9308717913965984,59413.0,15.0
319,2018-10-21 14:00:00,GB,Clair,27.5,7.23,1.37,1.57,0.2,0.8317739454393549,59413.0,0.0
320,2018-10-22 08:45:00,GB,Clair,27.6,7.28,1.98,2.15,0.16999999999999993,1.1462559357739728,59437.0,24.0
321,2018-10-22 14:00:00,GB,Clair,27.8,6.91,1.39,1.57,0.18000000000000016,1.0599304839840686,59437.0,0.0
322,2018-10-23 08:50:00,GB,Clair,27.3,7.23,2.9,3.21,0.31000000000000005,1.7632210331822868,59467.0,30.0
323,2018-10-23 14:10:00,GB,Clair,27.3,7.31,1.79,1.88,0.08999999999999986,1.0083821985683623,59467.0,0.0
324,2018-10-24 08:45:00,GB,Clair,27.8,7.14,1.47,1.56,0.09000000000000008,0.9615104422784044,59504.0,37.0
325,2018-10-24 14:00:00,GB,Clair,27.8,7.25,1.55,1.72,0.16999999999999993,0.9219145758173416,59504.0,0.0
326,2018-10-25 08:45:00,GB,Clair,27.8,7.28,1.55,1.66,0.10999999999999988,0.8959492536369922,59541.0,37.0
327,2018-10-25 14:00:00,GB,Clair,28.0,7.04,1.65,1.8,0.15000000000000013,1.1606676313401192,59541.0,0.0
328,2018-10-26 08:00:00,GB,Clair,27.5,7.22,1.47,1.6,0.13000000000000012,0.9005406512968236,59573.0,32.0
329,2018-10-26 14:00:00,GB,Clair,28.0,7.22,1.5,1.65,0.1499999999999999,0.9156889946182704,59573.0,0.0
330,2018-10-27 08:15:00,GB,Clair,27.3,6.95,1.44,1.6,0.16000000000000014,1.0759497957157078,59598.0,25.0
331,2018-10-27 13:30:00,GB,Clair,27.5,7.13,1.49,1.69,0.2,0.9841508097380179,59598.0,0.0
332,2018-10-28 08:20:00,GB,Clair,27.1,7.27,1.81,1.92,0.10999999999999988,1.0620068525116446,59628.0,30.0
333,2018-10-28 14:00:00,GB,Clair,27.3,7.19,1.49,1.59,0.10000000000000007,0.9382935970002936,59628.0,0.0
334,2018-10-29 08:30:00,GB,Clair,26.8,7.09,1.55,1.76,0.21,1.0596410966703165,59646.0,18.0
335,2018-10-29 13:50:00,GB,Clair,27.0,7.31,1.8,1.96,0.15999999999999992,1.0164634427730403,59646.0,0.0
336,2018-10-30 08:30:00,GB,Clair,26.9,6.99,1.66,1.71,0.05000000000000005,1.2132137384478607,59680.0,34.0
337,2018-10-30 14:00:00,GB,Clair,27.2,7.19,1.54,1.63,0.08999999999999986,0.9704399185899584,59680.0,0.0
338,2018-10-31 08:30:00,GB,Clair,27.4,7.19,1.49,1.68,0.18999999999999995,0.9376565287484953,59706.0,26.0
339,2018-10-31 13:40:00,GB,Clair,27.3,7.19,1.51,1.66,0.1499999999999999,0.950888141926472,59706.0,0.0
340,2018-11-01 08:30:00,GB,Clair,27.6,7.25,1.43,1.58,0.15000000000000013,0.8517915098637502,59729.0,23.0
341,2018-11-01 13:30:00,GB,Clair,27.6,7.2,1.49,1.59,0.10000000000000007,0.9283523077784313,59729.0,0.0
342,2018-11-02 08:30:00,GB,Clair,27.3,7.01,1.07,1.25,0.17999999999999994,0.7706265713974599,59761.0,32.0
343,2018-11-02 14:15:00,GB,Clair,27.6,7.24,1.13,1.24,0.1100000000000001,0.6793466551688087,59761.0,0.0
344,2018-11-03 08:15:00,GB,Clair,28.0,7.11,1.39,1.58,0.19000000000000014,0.9295596783241812,59782.0,21.0
345,2018-11-03 14:00:00,GB,Clair,27.5,7.25,1.97,2.13,0.15999999999999992,1.1743118957526766,59782.0,0.0
346,2018-11-04 08:30:00,GB,Clair,27.3,7.51,1.95,2.11,0.15999999999999992,0.8750345869179821,59803.0,21.0
347,2018-11-04 14:00:00,GB,Clair,27.5,7.19,1.48,1.59,0.1100000000000001,0.93073219658564,59803.0,0.0
348,2018-11-05 08:30:00,GB,Clair,27.6,7.4,2.45,2.61,0.1599999999999997,1.2507331655275442,59820.0,17.0
349,2018-11-05 13:30:00,GB,Clair,28.2,7.28,1.67,1.8,0.13000000000000012,0.9623783460552844,59820.0,0.0
350,2018-11-06 08:00:00,GB,Clair,28.0,7.24,1.56,1.74,0.17999999999999994,0.935148640986368,59851.0,31.0
351,2018-11-06 13:40:00,GB,Clair,28.2,7.19,1.48,1.67,0.18999999999999995,0.9263539311739042,59851.0,0.0
352,2018-11-07 08:30:00,GB,Clair,27.8,7.46,1.55,1.78,0.23,0.7363725214612287,59876.0,25.0
353,2018-11-07 13:30:00,GB,Clair,27.8,7.18,1.5,1.67,0.16999999999999993,0.9494472995640322,59876.0,0.0
354,2018-11-08 08:20:00,GB,Clair,27.5,7.29,1.23,1.44,0.21,0.705700232234832,59911.0,35.0
355,2018-11-08 13:40:00,GB,Clair,27.6,7.24,1.47,1.67,0.2,0.8837518434496893,59911.0,0.0
356,2018-11-09 08:20:00,GB,Clair,27.5,7.21,1.5,1.69,0.18999999999999995,0.9270941591601101,59942.0,31.0
357,2018-11-09 15:00:00,GB,Clair,27.8,7.18,1.5,1.71,0.21,0.9494472995640322,59942.0,0.0
358,2018-11-10 08:20:00,GB,Clair,27.6,7.27,1.53,1.74,0.21,0.8943152491758777,59965.0,23.0
359,2018-11-10 14:00:00,GB,Clair,27.6,7.22,1.5,1.7,0.2,0.9182699242416638,59965.0,0.0
360,2018-11-11 08:45:00,GB,Clair,27.6,7.14,1.14,1.3,0.16000000000000014,0.7465971599103175,59987.0,22.0
361,2018-11-11 14:00:00,GB,Clair,27.6,7.18,1.37,1.57,0.2,0.8683169441048126,59987.0,0.0
362,2018-11-12 08:40:00,GB,Clair,28.0,7.42,1.44,1.63,0.18999999999999995,0.7159415391929618,60010.0,23.0
363,2018-11-12 14:30:00,GB,Clair,28.0,7.45,1.44,1.56,0.1200000000000001,0.6910891303288949,60010.0,0.0
364,2018-11-13 08:30:00,GB,Clair,28.0,6.9,0.52,0.68,0.16000000000000006,0.3983395324943064,60034.0,24.0
365,2018-11-13 14:30:00,GB,Clair,28.0,7.39,1.43,1.61,0.18000000000000016,0.7356591533462671,60034.0,0.0
366,2018-11-15 08:50:00,GB,Clair,27.8,7.13,1.08,1.28,0.2,0.7120222281516319,60079.0,45.0
367,2018-11-15 14:00:00,GB,Clair,27.8,7.14,1.03,1.15,0.11999999999999987,0.6737113983311269,60079.0,0.0
368,2018-11-16 07:45:00,GB,Clair,28.2,7.2,1.47,1.8,0.3300000000000001,0.9121467347255648,60101.0,22.0
369,2018-11-16 14:15:00,GB,Clair,28.4,7.25,1.86,2.13,0.2699999999999998,1.1014642650309718,60101.0,0.0
370,2018-11-17 08:15:00,GB,Clair,28.2,7.11,1.31,1.57,0.26,0.8750173491291643,60143.0,42.0
371,2018-11-17 13:45:00,GB,Clair,28.3,7.17,1.47,1.67,0.2,0.9352433560557032,60143.0,0.0
372,2018-11-18 07:00:00,GB,Clair,28.2,7.13,1.71,1.91,0.2,1.1245994390777905,60174.0,31.0
373,2018-11-18 15:45:00,GB,Clair,28.2,7.16,1.9,2.21,0.31000000000000005,1.2196921318069258,60174.0,0.0
374,2018-11-19 08:00:00,GB,Clair,28.3,7.45,2.34,2.51,0.16999999999999993,1.1198793277937205,60211.0,37.0
375,2018-11-19 14:10:00,GB,Clair,28.3,7.1,1.76,1.84,0.08000000000000007,1.183856541214312,60211.0,0.0
376,2018-11-20 08:00:00,GB,Clair,28.4,7.16,1.61,1.68,0.06999999999999984,1.0322068656598458,60258.0,47.0
377,2018-11-20 14:20:00,GB,Clair,28.6,7.18,1.54,1.67,0.1299999999999999,0.9696328721219821,60258.0,0.0
378,2018-11-21 08:30:00,GB,Clair,28.5,6.96,1.23,1.51,0.28,0.9085429455627484,60306.0,48.0
379,2018-11-21 14:00:00,GB,Clair,28.5,7.19,1.49,1.72,0.23,0.9307463380957458,60306.0,0.0
380,2018-11-22 08:00:00,GB,Clair,27.5,7.18,1.42,1.7,0.28,0.9006080384138242,60338.0,32.0
381,2018-11-22 14:00:00,GB,Clair,27.4,7.16,1.38,1.62,0.2400000000000002,0.8904660550836523,60338.0,0.0
382,2018-11-23 08:30:00,GB,Clair,28.6,7.2,1.47,1.68,0.21,0.9096802558738001,60385.0,47.0
383,2018-11-23 14:30:00,GB,Clair,28.5,7.0,1.47,1.78,0.31000000000000005,1.0591147735597604,60385.0,0.0
384,2018-11-24 08:15:00,GB,Clair,28.7,7.04,1.17,1.37,0.20000000000000015,0.8199658764162066,60423.0,38.0
385,2018-11-24 13:00:00,GB,Clair,28.7,7.23,1.51,1.76,0.25,0.9089966542232334,60423.0,0.0
386,2018-11-25 08:20:00,GB,Clair,28.7,7.05,1.46,1.63,0.16999999999999993,1.0161242486436783,60454.0,31.0
387,2018-11-25 13:00:00,GB,Clair,28.8,7.17,1.5,1.7,0.2,0.951250016310524,60454.0,0.0
388,2018-11-26 08:00:00,GB,Clair,28.3,7.16,1.51,1.62,0.1100000000000001,0.9687137288135222,60485.0,31.0
389,2018-11-26 14:00:00,GB,Clair,28.6,7.19,1.5,1.66,0.15999999999999992,0.9363695564722958,60485.0,0.0
390,2018-11-27 08:00:00,GB,Clair,28.7,7.29,1.42,1.62,0.20000000000000015,0.8072184468775425,60523.0,38.0
391,2018-11-27 14:00:00,GB,Clair,28.4,7.19,1.51,1.66,0.1499999999999999,0.9438686580476596,60523.0,0.0
392,2018-11-28 08:00:00,GB,Clair,27.7,7.14,1.39,1.59,0.20000000000000015,0.9097533358010724,60562.0,39.0
393,2018-11-28 14:00:00,GB,Clair,28.7,7.17,1.5,1.66,0.15999999999999992,0.9518630543742927,60562.0,0.0
394,2018-11-29 08:00:00,GB,Clair,28.8,7.24,1.27,1.44,0.16999999999999993,0.7569589108146277,60591.0,29.0
395,2018-11-29 14:00:00,GB,Clair,28.0,7.12,1.28,1.41,0.1299999999999999,0.8494432242899107,60591.0,0.0
396,2018-11-30 07:30:00,GB,Clair,28.0,7.07,1.34,1.5,0.15999999999999992,0.9230253185709436,60627.0,36.0
397,2018-11-30 15:00:00,GB,Clair,28.0,7.39,1.42,1.78,0.3600000000000001,0.7305146837424468,60627.0,0.0
398,2018-12-01 08:20:00,GB,Clair,28.0,7.07,1.11,1.3,0.18999999999999995,0.7645955997117518,60651.0,24.0
399,2018-12-01 14:00:00,GB,Clair,28.0,7.17,1.49,1.69,0.2,0.9498208870310256,60651.0,0.0
400,2018-12-02 08:00:00,GB,Clair,28.1,6.9,0.92,1.12,0.20000000000000007,0.7044580100506944,60666.0,15.0
401,2018-12-02 13:45:00,GB,Clair,28.2,7.22,1.05,1.27,0.22,0.640085511608569,60666.0,0.0
402,2018-12-03 07:55:00,GB,Clair,28.2,7.18,2.75,2.98,0.23,1.7360485832154524,60689.0,23.0
403,2018-12-03 14:00:00,GB,Clair,28.2,7.31,1.98,2.22,0.2400000000000002,1.1074622753568204,60689.0,0.0
404,2018-12-04 07:55:00,GB,Clair,28.1,7.08,1.63,1.83,0.20000000000000015,1.1140712387961138,60730.0,41.0
405,2018-12-04 15:00:00,GB,Clair,28.2,7.28,1.15,1.34,0.19000000000000014,0.6627156275230999,60730.0,0.0
406,2018-12-05 07:55:00,GB,Clair,28.2,7.29,1.48,1.6,0.1200000000000001,0.8445506229577591,60776.0,46.0
407,2018-12-05 14:20:00,GB,Clair,28.2,7.1,1.53,1.7,0.16999999999999993,1.029750019385494,60776.0,0.0
408,2018-12-06 08:00:00,GB,Clair,28.2,7.38,1.56,1.79,0.23,0.8101084733155903,60820.0,44.0
409,2018-12-06 14:20:00,GB,Clair,28.2,7.26,1.61,1.83,0.22,0.9458397913710644,60820.0,0.0
410,2018-12-07 07:55:00,GB,Clair,28.2,7.08,1.69,1.9,0.21,1.1544244116799542,60845.0,25.0
411,2018-12-07 14:00:00,GB,Clair,28.2,7.2,1.69,1.9,0.21,1.0486584909429966,60845.0,0.0
412,2018-12-08 08:00:00,GB,Clair,28.1,7.2,1.49,1.69,0.2,0.9251856965281221,60882.0,37.0
413,2018-12-08 16:00:00,GB,Clair,28.1,7.22,1.67,1.9,0.23,1.0187530536331524,60882.0,0.0
414,2018-12-09 08:30:00,GB,Clair,28.2,7.21,1.53,1.64,0.10999999999999988,0.941058720777276,60907.0,25.0
415,2018-12-09 14:00:00,GB,Clair,28.2,7.19,1.48,1.68,0.2,0.9263539311739042,60907.0,0.0
416,2018-12-10 08:40:00,GB,Clair,28.0,7.18,1.72,1.88,0.15999999999999992,1.0872561390575326,60940.0,33.0
417,2018-12-10 13:45:00,GB,Clair,28.0,7.22,1.43,1.63,0.2,0.8729568415360844,60940.0,0.0
418,2018-12-11 08:00:00,GB,Clair,28.0,7.07,1.21,1.46,0.25,0.83347808617227,60973.0,33.0
419,2018-12-11 13:45:00,GB,Clair,28.0,7.1,1.46,1.67,0.21,0.9837900262761766,60973.0,0.0
420,2018-12-12 08:30:00,GB,Clair,27.9,7.03,1.39,1.57,0.18000000000000016,0.9849376378282266,61007.0,34.0
421,2018-12-12 13:45:00,GB,Clair,27.9,7.25,1.42,1.63,0.21,0.8439738908103626,61007.0,0.0
422,2018-12-13 08:00:00,GB,Clair,27.9,7.33,1.64,1.9,0.26,0.900819093588966,61024.0,17.0
423,2018-12-13 14:45:00,GB,Clair,28.0,7.31,1.28,1.56,0.28,0.7170676537958441,61024.0,0.0
424,2018-12-14 08:00:00,GB,Clair,28.1,7.14,1.37,1.59,0.22,0.8944237921423814,61059.0,35.0
425,2018-12-14 14:00:00,GB,Clair,28.2,7.3,1.26,1.46,0.2,0.7118896873702029,61059.0,0.0
426,2018-12-15 08:00:00,GB,Clair,29.3,7.04,1.1,1.42,0.31999999999999984,0.7684822791200585,61081.0,22.0
427,2018-12-15 14:00:00,GB,Clair,29.3,7.17,1.38,1.69,0.31000000000000005,0.8723505426324807,61081.0,0.0
428,2018-12-16 08:00:00,GB,Clair,28.7,7.17,1.52,1.72,0.2,0.96455456176595,61100.0,19.0
429,2018-12-16 15:30:00,GB,Clair,28.7,7.11,1.38,1.58,0.20000000000000015,0.9190500529472484,61100.0,0.0
430,2018-12-17 08:00:00,GB,Clair,28.6,7.25,1.24,1.38,0.1399999999999999,0.7332462246133907,61119.0,19.0
431,2018-12-17 14:35:00,GB,Clair,28.4,7.23,1.26,1.42,0.15999999999999992,0.7601047014066381,61119.0,0.0
432,2018-12-18 07:55:00,GB,Clair,28.3,7.24,1.08,1.22,0.1399999999999999,0.6460153344744082,61119.0,0.0
433,2018-12-18 14:00:00,GB,Clair,28.4,7.21,1.13,1.29,0.16000000000000014,0.6940748402433721,61119.0,0.0
434,2018-12-19 07:55:00,GB,Clair,28.4,7.01,1.55,1.82,0.27,1.110090007565456,61199.0,80.0
435,2018-12-19 14:00:00,GB,Clair,28.1,7.23,1.96,2.18,0.2200000000000002,1.1848992026368224,61199.0,0.0
436,2018-12-20 08:00:00,GB,Clair,28.3,7.15,1.81,1.94,0.1299999999999999,1.170726210114534,61216.0,17.0
437,2018-12-20 14:20:00,GB,Clair,28.3,7.33,2.01,2.21,0.20000000000000015,1.1004783281831438,61216.0,0.0
438,2018-12-21 08:00:00,GB,Clair,28.4,7.27,2.0,2.2,0.20000000000000015,1.1620361623877122,61282.0,66.0
439,2018-12-21 14:00:00,GB,Clair,28.5,7.22,1.56,1.78,0.22,0.9489978582835212,61282.0,0.0
440,2018-12-22 08:10:00,GB,Clair,28.6,7.06,1.34,1.6,0.26,0.9265545936924942,61297.0,15.0
441,2018-12-22 13:00:00,GB,Clair,28.6,7.05,1.53,1.78,0.25,1.065414418477148,61297.0,0.0
442,2018-12-23 08:15:00,GB,Clair,28.5,7.04,1.46,1.76,0.30000000000000004,1.0242879549661976,61320.0,23.0
443,2018-12-23 14:00:00,GB,Clair,28.6,7.11,1.5,1.81,0.31000000000000005,0.9995569205819276,61320.0,0.0
444,2018-12-24 08:15:00,GB,Clair,28.7,7.1,1.37,1.49,0.11999999999999987,0.9193805613975796,61337.0,17.0
445,2018-12-24 13:15:00,GB,Clair,28.6,7.17,1.52,1.8,0.28,0.9651772715199888,61337.0,0.0
446,2018-12-26 07:30:00,GB,Clair,28.2,7.37,1.7,1.88,0.17999999999999994,0.8925771493907482,61391.0,54.0
447,2018-12-26 12:20:00,GB,Clair,28.2,7.31,1.26,1.42,0.15999999999999992,0.704748720681613,61391.0,0.0
448,2018-12-27 07:30:00,GB,Clair,28.0,7.39,1.6,1.78,0.17999999999999994,0.8231151366112078,61421.0,30.0
449,2018-12-27 12:15:00,GB,Clair,28.0,7.37,1.67,1.87,0.20000000000000015,0.8783207956307819,61421.0,0.0
450,2018-12-28 08:30:00,GB,Clair,28.0,7.08,1.68,1.88,0.2,1.1488983276475584,61451.0,30.0
451,2018-12-28 14:00:00,GB,Clair,27.9,7.17,1.75,1.87,0.1200000000000001,1.116290343233586,61451.0,0.0
452,2018-12-29 08:30:00,GB,Clair,28.0,7.15,1.44,1.68,0.24,0.9331741393418236,61474.0,23.0
453,2018-12-29 13:15:00,GB,Clair,28.0,7.2,1.41,1.68,0.27,0.8761077674942841,61474.0,0.0
454,2018-12-30 08:40:00,GB,Clair,28.1,7.27,1.25,1.46,0.21,0.7279036384509141,61489.0,15.0
455,2018-12-30 13:20:00,GB,Clair,28.1,7.19,1.41,1.61,0.20000000000000015,0.8831315622850698,61489.0,0.0
456,2018-12-31 08:30:00,GB,Clair,28.2,7.28,1.57,1.71,0.1399999999999999,0.9047509001837104,61511.0,22.0
457,2018-12-31 13:00:00,GB,Clair,28.2,7.26,1.63,1.75,0.1200000000000001,0.957589353996792,61511.0,0.0
458,2019-01-02 07:30:00,GB,Clair,28.2,7.33,2.11,2.23,0.1200000000000001,1.1561627912534818,61548.0,37.0
459,2019-01-02 14:10:00,GB,Clair,28.2,7.46,1.68,1.81,0.13000000000000012,0.7951165574081872,61548.0,0.0
460,2019-01-03 07:40:00,GB,Clair,28.0,7.43,1.66,1.74,0.08000000000000007,0.8157671142165325,61584.0,36.0
461,2019-01-03 14:15:00,GB,Clair,28.3,7.12,1.31,1.56,0.25,0.8677781020896279,61584.0,0.0
462,2019-01-04 07:30:00,GB,Clair,28.1,7.19,1.69,1.81,0.1200000000000001,1.05850520585941,61610.0,26.0
463,2019-01-04 14:00:00,GB,Clair,28.1,7.11,1.6,1.72,0.11999999999999987,1.0693594061644751,61610.0,0.0
464,2019-01-05 08:00:00,GB,Clair,28.1,7.16,1.55,1.68,0.1299999999999999,0.9956504733847062,61645.0,35.0
465,2019-01-05 13:00:00,GB,Clair,28.2,7.19,1.51,1.61,0.10000000000000007,0.9451313757247266,61645.0,0.0
466,2019-01-06 08:30:00,GB,Clair,28.0,7.08,1.48,1.68,0.2,1.0121247172133254,61661.0,16.0
467,2019-01-06 14:00:00,GB,Clair,28.0,7.17,1.51,1.68,0.16999999999999993,0.9625701606824488,61661.0,0.0
468,2019-01-07 07:30:00,GB,Clair,28.2,7.12,1.49,1.58,0.09000000000000008,0.98761018084732,61681.0,20.0
469,2019-01-07 14:00:00,GB,Clair,28.2,7.2,1.45,1.56,0.1100000000000001,0.8997365750694348,61681.0,0.0
470,2019-01-08 07:50:00,GB,Clair,28.2,7.2,1.47,1.58,0.1100000000000001,0.9121467347255648,61699.0,18.0
471,2019-01-08 14:45:00,GB,Clair,28.2,7.21,1.52,1.64,0.11999999999999987,0.9349080101839604,61699.0,0.0
472,2019-01-09 07:45:00,GB,Clair,28.0,7.17,1.33,1.51,0.17999999999999994,0.8478266978196403,61721.0,22.0
473,2019-01-09 14:00:00,GB,Clair,28.0,7.12,1.44,1.62,0.18000000000000016,0.9556236273261496,61721.0,0.0
474,2019-01-10 08:10:00,GB,Clair,27.9,7.0,1.22,1.43,0.21,0.881625683834388,61753.0,32.0
475,2019-01-10 13:45:00,GB,Clair,28.0,7.08,1.31,1.52,0.21,0.8958671483442272,61753.0,0.0
476,2019-01-11 07:55:00,GB,Clair,28.0,7.24,1.12,1.22,0.09999999999999988,0.6713887678876488,61776.0,23.0
477,2019-01-11 14:00:00,GB,Clair,28.0,7.11,1.48,1.7,0.22,0.9897469956257468,61776.0,0.0
478,2019-01-12 08:20:00,GB,Clair,28.1,7.02,1.58,1.83,0.25,1.1258813026796732,61802.0,26.0
479,2019-01-12 14:00:00,GB,Clair,28.0,7.17,0.83,1.03,0.20000000000000007,0.5290948565340612,61802.0,0.0
480,2019-01-13 08:30:00,GB,Clair,28.2,7.06,1.43,1.72,0.29000000000000004,0.9909548813571386,61825.0,23.0
481,2019-01-13 13:15:00,GB,Clair,28.3,7.17,1.59,1.85,0.26,1.0115897524684136,61825.0,0.0
482,2019-01-14 07:55:00,GB,Clair,28.0,7.1,1.7,1.89,0.18999999999999995,1.145508934705137,61840.0,15.0
483,2019-01-14 15:00:00,GB,Clair,28.0,7.11,1.64,1.85,0.2100000000000002,1.0967466708285305,61840.0,0.0
484,2019-01-15 08:00:00,GB,Clair,28.0,7.17,1.64,1.85,0.2100000000000002,1.0454404394166992,61856.0,16.0
485,2019-01-15 14:00:00,GB,Clair,28.2,7.23,1.74,1.98,0.24,1.05115450010615,61856.0,0.0
486,2019-01-16 07:50:00,GB,Clair,28.1,7.0,1.86,2.07,0.20999999999999971,1.3427745571800225,61882.0,26.0
487,2019-01-16 14:00:00,GB,Clair,28.1,7.33,1.79,2.04,0.25,0.9816152896177036,61882.0,0.0
488,2019-01-17 08:30:00,GB,Clair,28.2,7.35,1.67,1.98,0.31000000000000005,0.8959786569780358,61932.0,50.0
489,2019-01-17 14:00:00,GB,Clair,28.2,7.24,1.78,1.98,0.2,1.0654936060313482,61932.0,0.0
490,2019-01-18 07:50:00,GB,Clair,28.2,7.14,1.65,1.85,0.20000000000000015,1.0765552380806584,61948.0,16.0
491,2019-01-18 14:00:00,GB,Clair,28.2,7.27,1.77,1.96,0.18999999999999995,1.02993973667457,61948.0,0.0
492,2019-01-19 07:40:00,GB,Clair,28.0,7.22,1.57,1.78,0.21,0.9584211477004564,61968.0,20.0
493,2019-01-19 13:15:00,GB,Clair,28.2,7.21,1.77,2.01,0.23999999999999974,1.0886757750168483,61968.0,0.0
494,2019-01-20 08:30:00,GB,Clair,28.1,7.15,1.73,2.02,0.29000000000000004,1.1203955290549563,61985.0,17.0
495,2019-01-20 12:40:00,GB,Clair,28.1,7.18,1.41,1.65,0.24,0.8907076243296207,61985.0,0.0
496,2019-01-21 08:00:00,GB,Clair,28.0,7.17,1.92,2.12,0.20000000000000015,1.2239302705366235,62004.0,19.0
497,2019-01-21 14:00:00,GB,Clair,28.0,7.13,1.65,1.76,0.1100000000000001,1.0864727601163349,62004.0,0.0
498,2019-01-22 08:00:00,GB,Clair,28.0,6.95,1.3,1.44,0.1399999999999999,0.9682086668010954,62021.0,17.0
499,2019-01-22 14:15:00,GB,Clair,28.0,7.14,1.44,1.65,0.21,0.940710777710372,62021.0,0.0
500,2019-01-23 07:55:00,GB,Clair,28.2,7.33,1.28,1.43,0.1499999999999999,0.7013688970637236,62047.0,26.0
501,2019-01-23 14:00:00,GB,Clair,28.0,7.32,1.19,1.28,0.09000000000000008,0.6598889021636345,62047.0,0.0
502,2019-01-24 07:40:00,GB,Clair,27.9,7.03,1.24,1.42,0.17999999999999994,0.8786494035302167,62065.0,18.0
503,2019-01-24 14:33:00,GB,Clair,28.0,7.04,1.22,1.4,0.17999999999999994,0.858190612263603,62065.0,0.0
504,2019-01-25 07:45:00,GB,Clair,28.2,7.07,1.15,1.28,0.13000000000000012,0.7912630238634477,62095.0,30.0
505,2019-01-25 14:00:00,GB,Clair,28.2,7.27,1.53,1.78,0.25,0.8902868910237808,62095.0,0.0
506,2019-01-26 08:00:00,GB,Clair,28.2,7.01,1.03,1.18,0.1499999999999999,0.7384195229896765,62124.0,29.0
507,2019-01-26 13:20:00,GB,Clair,28.5,7.22,1.62,1.93,0.30999999999999983,0.9854977759098108,62124.0,0.0
508,2019-01-27 08:40:00,GB,Clair,28.4,7.11,1.3,1.55,0.25,0.8673079200664772,62148.0,24.0
509,2019-01-27 13:00:00,GB,Clair,28.4,7.15,1.45,1.66,0.21,0.9372840254852348,62148.0,0.0
510,2019-01-28 08:00:00,GB,Clair,28.2,7.32,1.6,1.8,0.2,0.885826310007735,62164.0,16.0
511,2019-01-28 14:00:00,GB,Clair,28.2,7.28,1.49,1.62,0.13000000000000012,0.8586489434864513,62164.0,0.0
512,2019-01-29 07:55:00,GB,Clair,28.2,7.39,1.53,1.73,0.2,0.7857316782175786,62180.0,16.0
513,2019-01-29 14:15:00,GB,Clair,28.2,7.14,1.41,1.58,0.17000000000000015,0.9199653852689264,62180.0,0.0
514,2019-01-30 07:40:00,GB,Clair,28.2,7.25,1.25,1.32,0.07000000000000006,0.7413086592770557,62219.0,39.0
515,2019-01-30 14:20:00,GB,Clair,28.2,7.21,1.36,1.52,0.15999999999999992,0.836496640690912,62219.0,0.0
516,2019-01-31 08:00:00,GB,Clair,28.1,7.23,1.57,1.88,0.30999999999999983,0.9491284429284752,62256.0,37.0
517,2019-01-31 14:10:00,GB,Clair,28.2,7.21,1.81,2.16,0.3500000000000001,1.1132786173901108,62256.0,0.0
518,2019-02-01 08:00:00,GB,Clair,28.2,7.11,1.5,1.68,0.17999999999999994,1.0019282623616386,62278.0,22.0
519,2019-02-01 14:20:00,GB,Clair,28.2,7.2,1.43,1.59,0.16000000000000014,0.8873264154133047,62278.0,0.0
520,2019-02-02 08:30:00,GB,Clair,28.2,7.19,1.35,1.59,0.24,0.8449850047870072,62317.0,39.0
521,2019-02-02 14:00:00,GB,Clair,28.2,7.2,1.43,1.64,0.21,0.8873264154133047,62317.0,0.0
522,2019-02-03 08:40:00,GB,Clair,28.2,7.07,1.23,1.48,0.25,0.8463074081322094,62349.0,32.0
523,2019-02-03 12:50:00,GB,Clair,28.2,7.22,1.43,1.63,0.2,0.8717355062859556,62349.0,0.0
524,2019-02-04 08:00:00,GB,Clair,28.2,7.31,1.44,1.63,0.18999999999999995,0.8054271093504148,62368.0,19.0
525,2019-02-04 14:00:00,GB,Clair,28.2,7.18,1.32,1.45,0.1299999999999999,0.8333033199434172,62368.0,0.0
526,2019-02-05 07:55:00,GB,Clair,28.2,7.18,1.31,1.51,0.2,0.8269904160044519,62394.0,26.0
527,2019-02-05 14:00:00,GB,Clair,28.2,7.19,1.4,1.61,0.2100000000000002,0.8762807457050443,62394.0,0.0
528,2019-02-06 08:30:00,GB,Clair,28.4,7.1,1.23,1.3,0.07000000000000006,0.8268714037488053,62435.0,41.0
529,2019-02-06 13:30:00,GB,Clair,28.4,7.04,1.65,1.94,0.29000000000000004,1.1581994676037235,62435.0,0.0
530,2019-02-07 08:00:00,GB,Clair,28.2,7.22,1.66,1.84,0.18000000000000016,1.0119447135906898,62461.0,26.0
531,2019-02-07 14:10:00,GB,Clair,28.0,7.28,1.52,1.7,0.17999999999999994,0.8772693352607952,62461.0,0.0
532,2019-02-08 07:45:00,GB,Clair,28.2,7.09,1.55,1.76,0.21,1.051033155843064,62498.0,37.0
533,2019-02-08 14:00:00,GB,Clair,28.5,7.2,1.51,1.68,0.16999999999999993,0.9350645459095004,62498.0,0.0
534,2019-02-09 08:20:00,GB,Clair,28.5,7.08,1.39,1.64,0.25,0.9478864570307074,62540.0,42.0
535,2019-02-09 13:15:00,GB,Clair,28.6,7.09,1.57,1.79,0.22,1.0621519350141266,62540.0,0.0
536,2019-02-10 08:45:00,GB,Clair,28.6,7.01,1.26,1.48,0.22,0.9014859855984272,62589.0,49.0
537,2019-02-10 14:00:00,GB,Clair,28.6,7.25,1.39,1.59,0.20000000000000015,0.8219453646875912,62589.0,0.0
538,2019-02-11 08:00:00,GB,Clair,28.4,7.1,1.57,1.79,0.22,1.055437482833841,62595.0,6.0
539,2019-02-11 14:10:00,GB,Clair,28.2,7.01,1.44,1.59,0.15000000000000013,1.0323535078690624,62595.0,0.0
540,2019-02-12 07:40:00,GB,Clair,28.4,7.07,1.52,1.75,0.23,1.0446778746053915,62626.0,31.0
541,2019-02-12 14:00:00,GB,Clair,27.9,7.08,1.69,1.92,0.23,1.1563954437150017,62626.0,0.0
542,2019-02-13 08:00:00,GB,Clair,27.8,7.26,1.52,1.7,0.17999999999999994,0.8956175997842628,62667.0,41.0
543,2019-02-13 14:15:00,GB,Clair,27.9,7.13,1.65,1.88,0.23,1.0871414974241205,62667.0,0.0
544,2019-02-14 07:55:00,GB,Clair,27.9,7.17,1.65,1.86,0.2100000000000002,1.0525023236202382,62704.0,37.0
545,2019-02-14 14:00:00,GB,Clair,27.2,7.16,1.62,1.82,0.2,1.0466904702851545,62704.0,0.0
546,2019-02-15 08:30:00,GB,Clair,27.6,7.33,1.63,1.82,0.19000000000000014,0.8975204444726781,62704.0,0.0
547,2019-02-15 14:00:00,GB,Clair,27.6,7.06,1.57,1.81,0.24,1.0915819909571836,62704.0,0.0
548,2019-02-16 07:45:00,GB,Clair,27.9,7.18,1.53,1.74,0.21,0.9677935033783404,62704.0,0.0
549,2019-02-16 12:45:00,GB,Clair,27.9,7.25,1.66,1.88,0.22,0.9866173653135224,62704.0,0.0
550,2019-02-17 08:00:00,GB,Clair,28.0,7.18,1.51,1.71,0.2,0.9545097499865548,62816.0,112.0
551,2019-02-17 15:00:00,GB,Clair,28.0,7.22,1.49,1.7,0.21,0.9095844013208152,62816.0,0.0
552,2019-02-18 08:00:00,GB,Clair,28.0,7.24,2.45,2.67,0.21999999999999972,1.4686629297542315,62834.0,18.0
553,2019-02-18 14:30:00,GB,Clair,28.0,7.28,1.58,1.82,0.24,0.9118983879684582,62834.0,0.0
554,2019-02-19 08:00:00,GB,Clair,27.6,7.12,1.59,1.81,0.22,1.0577348995093605,62850.0,16.0
555,2019-02-19 14:00:00,GB,Clair,27.6,7.33,1.46,1.7,0.24,0.8039140177485338,62850.0,0.0
556,2019-02-20 08:00:00,GB,Clair,27.6,7.26,1.65,1.98,0.3300000000000001,0.9736660534212532,62890.0,40.0
557,2019-02-20 14:40:00,GB,Clair,27.0,7.33,1.66,1.86,0.20000000000000015,0.9185609280354418,62890.0,0.0
558,2019-02-21 07:55:00,GB,Clair,27.0,7.14,1.6,2.04,0.44,1.0518318340194093,62911.0,21.0
559,2019-02-21 13:40:00,GB,Clair,27.0,7.3,1.75,1.99,0.24,0.9981182962826196,62911.0,0.0
560,2019-02-22 08:00:00,GB,Clair,27.0,7.23,1.74,1.93,0.18999999999999995,1.0602246639930206,63004.0,93.0
561,2019-02-22 13:30:00,GB,Clair,27.2,7.16,1.6,1.73,0.1299999999999999,1.0337683657137324,63004.0,0.0
562,2019-02-23 08:00:00,GB,Clair,27.0,7.18,1.48,1.69,0.21,0.9418138060106388,63042.0,38.0
563,2019-02-23 14:25:00,GB,Clair,27.0,7.26,1.11,1.34,0.23,0.65796609208093,63042.0,0.0
564,2019-02-24 07:50:00,GB,Clair,27.0,7.2,1.48,1.78,0.30000000000000004,0.9259451495433924,63056.0,14.0
565,2019-02-24 14:20:00,GB,Clair,27.0,7.2,1.5,1.81,0.31000000000000005,0.9384579218345196,63056.0,0.0
566,2019-03-11 10:20:00,GB,Clair,25.3,7.46,1.21,1.28,0.07000000000000006,0.5889961455456038,65609.0,2553.0
567,2019-03-11 13:30:00,GB,Clair,25.6,7.52,1.67,1.75,0.08000000000000007,0.7530743176365171,65609.0,0.0
568,2019-03-12 08:30:00,GB,Clair,26.0,7.47,1.79,1.95,0.15999999999999992,0.8550282999423618,65609.0,0.0
569,2019-03-12 14:00:00,GB,Clair,26.5,7.37,1.69,1.83,0.14000000000000012,0.9004496882000147,65609.0,0.0
570,2019-03-13 08:00:00,GB,Clair,26.6,7.31,1.68,1.78,0.10000000000000007,0.9517722319105736,65609.0,0.0
571,2019-03-13 14:10:00,GB,Clair,26.6,7.34,1.64,1.76,0.1200000000000001,0.9011733568641858,65609.0,0.0
572,2019-03-14 07:45:00,GB,Clair,28.0,7.17,1.73,1.87,0.14000000000000012,1.1028121708481036,65609.0,0.0
573,2019-03-14 14:00:00,GB,Clair,28.4,7.58,1.64,1.8,0.16000000000000014,0.6633414382054974,65609.0,0.0
574,2019-03-15 07:40:00,GB,Clair,28.7,7.58,1.72,1.87,0.15000000000000013,0.693497982766387,65768.0,159.0
575,2019-03-15 14:00:00,GB,Clair,28.6,7.51,1.46,1.6,0.14000000000000012,0.646700625406202,65768.0,0.0
576,2019-03-16 08:15:00,GB,Clair,28.4,7.51,1.61,1.72,0.10999999999999988,0.7145528218179509,65803.0,35.0
577,2019-03-16 14:30:00,GB,Clair,28.4,7.46,1.38,1.51,0.13000000000000012,0.651903497678378,65803.0,0.0
578,2019-03-17 08:30:00,GB,Clair,28.4,7.68,1.51,1.72,0.21,0.5291643745887247,65834.0,31.0
579,2019-03-17 15:00:00,GB,Clair,28.4,7.32,1.26,1.44,0.17999999999999994,0.6964764503096277,65834.0,0.0
580,2019-03-18 09:00:00,GB,Clair,28.2,7.48,1.23,1.42,0.18999999999999995,0.5680382802344421,65862.0,28.0
581,2019-03-18 14:00:00,GB,Clair,28.4,7.4,1.36,1.66,0.2999999999999998,0.6893895399452586,65862.0,0.0
582,2019-03-19 07:55:00,GB,Clair,28.2,7.59,1.67,1.9,0.23,0.6676640896268339,65892.0,30.0
583,2019-03-19 15:00:00,GB,Clair,28.2,7.3,1.79,1.96,0.16999999999999993,1.0113353495179866,65892.0,0.0
584,2019-03-20 07:40:00,GB,Clair,28.2,7.3,1.62,1.82,0.2,0.9152867409045464,65927.0,35.0
585,2019-03-20 14:00:00,GB,Clair,28.2,7.38,1.85,2.0,0.1499999999999999,0.9607055613037451,65927.0,0.0
586,2019-03-21 07:50:00,GB,Clair,28.0,7.24,1.53,1.74,0.21,0.9171650132750916,65955.0,28.0
587,2019-03-21 14:00:00,GB,Clair,28.2,7.32,1.65,1.77,0.1200000000000001,0.9135083821954768,65955.0,0.0
588,2019-03-22 09:00:00,GB,Clair,28.0,7.38,1.6,1.98,0.3799999999999999,0.8323143210701344,65980.0,25.0
589,2019-03-22 14:00:00,GB,Clair,28.0,7.35,1.64,1.87,0.2300000000000002,0.8813471664387224,65980.0,0.0
590,2019-03-23 07:50:00,GB,Clair,28.0,7.32,1.59,1.79,0.2,0.8817002978488898,66010.0,30.0
591,2019-03-23 13:00:00,GB,Clair,28.0,7.27,1.22,1.4,0.17999999999999994,0.7109672890909312,66010.0,0.0
592,2019-03-24 08:30:00,GB,Clair,28.0,7.12,1.68,1.96,0.28,1.1148942318805075,66039.0,29.0
593,2019-03-24 15:20:00,GB,Clair,28.0,7.27,1.44,1.79,0.3500000000000001,0.8391745051565089,66039.0,0.0
594,2019-03-25 08:00:00,GB,Clair,28.0,7.32,1.92,2.14,0.2200000000000002,1.0646946992892254,66069.0,30.0
595,2019-03-25 14:00:00,GB,Clair,28.0,7.22,1.91,2.12,0.2100000000000002,1.165977319813931,66069.0,0.0
596,2019-03-26 07:55:00,GB,Clair,28.0,7.27,1.42,1.61,0.19000000000000014,0.8275193036960019,66122.0,53.0
597,2019-03-26 14:00:00,GB,Clair,28.0,7.27,1.75,1.98,0.23,1.0198301277943689,66122.0,0.0
598,2019-03-27 08:00:00,GB,Clair,28.0,7.24,1.55,1.8,0.25,0.9291540984159424,66167.0,45.0
599,2019-03-27 14:00:00,GB,Clair,28.0,7.3,1.5,1.75,0.25,0.8488109872809777,66167.0,0.0
600,2019-03-28 07:45:00,GB,Clair,28.0,7.41,1.65,1.92,0.27,0.8298477387861695,66212.0,45.0
601,2019-03-28 15:15:00,GB,Clair,28.0,7.24,1.82,2.05,0.22999999999999976,1.091006747817429,66212.0,0.0
602,2019-03-29 07:55:00,GB,Clair,28.0,7.25,1.56,1.76,0.2,0.9265044389763872,66212.0,0.0
603,2019-03-29 14:00:00,GB,Clair,28.0,7.16,1.64,1.85,0.2100000000000002,1.0541395511695122,66212.0,0.0
604,2019-03-30 08:15:00,GB,Clair,28.0,7.0,1.15,1.36,0.2100000000000002,0.8306249190100666,66262.0,50.0
605,2019-03-30 13:00:00,GB,Clair,28.1,7.03,1.49,1.69,0.2,1.054687899324483,66262.0,0.0
606,2019-03-31 08:30:00,GB,Clair,28.0,7.22,1.56,1.82,0.26,0.9523165544030012,66286.0,24.0
607,2019-03-31 14:00:00,GB,Clair,28.1,7.34,1.51,1.72,0.21,0.8194464566181388,66286.0,0.0
608,2019-04-01 08:30:00,GB,Clair,28.0,7.1,1.76,1.82,0.06000000000000005,1.1859386618123775,66313.0,27.0
609,2019-04-01 14:00:00,GB,Clair,28.0,7.12,1.24,1.49,0.25,0.822898123530851,66313.0,0.0
610,2019-04-02 09:00:00,GB,Clair,28.0,7.11,1.35,1.57,0.22,0.9028097595234854,66351.0,38.0
611,2019-04-02 14:00:00,GB,Clair,28.0,7.17,1.53,1.68,0.1499999999999999,0.975319434333872,66351.0,0.0
612,2019-04-03 08:30:00,GB,Clair,27.9,7.19,1.51,1.69,0.17999999999999994,0.9470367952018516,66366.0,15.0
613,2019-04-03 13:00:00,GB,Clair,27.9,7.0,1.32,1.64,0.31999999999999984,0.953890084148682,66366.0,0.0
614,2019-04-04 08:40:00,GB,Clair,28.0,6.92,1.38,1.62,0.2400000000000002,1.04560269678594,66393.0,27.0
615,2019-04-04 14:00:00,GB,Clair,28.0,7.09,1.46,1.72,0.26,0.9911488738245288,66393.0,0.0
616,2019-04-05 08:30:00,GB,Clair,28.0,7.21,1.68,1.71,0.030000000000000027,1.0347468030609916,66447.0,54.0
617,2019-04-05 13:00:00,GB,Clair,28.0,7.16,1.55,1.86,0.31000000000000005,0.9962904294589902,66447.0,0.0
618,2019-04-06 08:15:00,GB,Clair,28.0,7.02,1.08,1.39,0.30999999999999983,0.7699872245717779,66486.0,39.0
619,2019-04-06 13:00:00,GB,Clair,27.9,7.0,1.34,1.53,0.18999999999999995,0.968342964211541,66486.0,0.0
620,2019-04-07 07:50:00,GB,Clair,27.9,7.1,1.51,1.72,0.21,1.018079554589157,66530.0,44.0
621,2019-04-07 14:00:00,GB,Clair,27.9,7.22,1.57,1.77,0.2,0.9590940507763251,66530.0,0.0
622,2019-04-08 08:30:00,GB,Clair,28.0,7.08,1.56,1.79,0.23,1.0668341613870185,66551.0,21.0
623,2019-04-08 13:45:00,GB,Clair,28.0,7.28,1.45,1.67,0.22,0.8368687737685218,66551.0,0.0
624,2019-04-09 08:40:00,GB,Clair,28.0,7.23,1.54,1.74,0.2,0.9316539425704898,66597.0,46.0
625,2019-04-09 13:50:00,GB,Clair,28.0,7.3,1.54,1.75,0.21,0.8714459469418039,66597.0,0.0
626,2019-04-10 08:30:00,GB,Clair,28.0,7.27,1.45,1.65,0.2,0.8450021058867625,66632.0,35.0
627,2019-04-10 14:30:00,GB,Clair,28.0,7.42,1.72,1.92,0.2,0.8551523940360377,66632.0,0.0
628,2019-04-11 08:10:00,GB,Clair,28.0,7.32,1.51,1.76,0.25,0.8373380187118387,66679.0,47.0
629,2019-04-11 14:00:00,GB,Clair,28.0,7.12,1.36,1.57,0.21,0.9025334258080302,66679.0,0.0
630,2019-04-12 08:30:00,GB,Clair,27.7,7.13,1.04,1.34,0.30000000000000004,0.6860744334762788,66679.0,0.0
631,2019-04-12 14:20:00,GB,Clair,27.8,7.15,1.4,1.62,0.2200000000000002,0.9084049320548704,66679.0,0.0
632,2019-04-13 08:00:00,GB,Clair,27.7,7.38,1.53,1.65,0.11999999999999987,0.7979714199526485,66679.0,0.0
633,2019-04-13 13:10:00,GB,Clair,27.8,7.02,1.7,1.75,0.05000000000000005,1.2132720975997926,66679.0,0.0
634,2019-04-14 07:30:00,GB,Clair,27.7,7.07,1.49,1.71,0.22,1.0280793804034851,66807.0,128.0
635,2019-04-14 15:30:00,GB,Clair,27.8,7.14,1.46,1.65,0.18999999999999995,0.9549695549159664,66807.0,0.0
636,2019-04-15 08:30:00,GB,Clair,28.0,7.17,1.75,1.9,0.1499999999999999,1.1155614444995268,66843.0,36.0
637,2019-04-15 14:00:00,GB,Clair,27.8,7.09,1.52,1.71,0.18999999999999995,1.03307666686992,66843.0,0.0
638,2019-04-16 08:30:00,GB,Clair,27.9,6.86,1.51,2.03,0.5199999999999998,1.1814931881380235,66891.0,48.0
639,2019-04-16 14:00:00,GB,Clair,27.9,7.17,1.52,1.75,0.23,0.969577898122886,66891.0,0.0
640,2019-04-17 08:20:00,GB,Clair,27.9,7.25,1.46,1.71,0.25,0.8677478032275558,66923.0,32.0
641,2019-04-17 14:30:00,GB,Clair,28.0,7.16,1.57,1.79,0.22,1.0091457898391059,66923.0,0.0
642,2019-04-18 08:30:00,GB,Clair,27.6,7.22,1.51,1.76,0.25,0.9243917237366084,66996.0,73.0
643,2019-04-18 14:00:00,GB,Clair,27.8,7.14,1.36,1.64,0.2799999999999998,0.8895606812915849,66996.0,0.0
644,2019-04-19 09:00:00,GB,Clair,27.9,7.11,1.54,1.78,0.24,1.030486681728898,67017.0,21.0
645,2019-04-19 14:15:00,GB,Clair,27.9,7.13,1.34,1.6,0.26,0.8828906706353464,67017.0,0.0
646,2019-04-20 08:10:00,GB,Clair,28.0,7.05,1.09,1.37,0.28,0.7614838266767192,67071.0,54.0
647,2019-04-20 14:00:00,GB,Clair,28.0,7.11,1.37,1.59,0.22,0.9161847189238332,67071.0,0.0
648,2019-04-21 08:30:00,GB,Clair,28.0,7.32,1.48,1.88,0.3999999999999999,0.8207021640354446,67071.0,0.0
649,2019-04-21 13:10:00,GB,Clair,28.0,7.23,1.51,1.81,0.30000000000000004,0.9135048397931428,67071.0,0.0
650,2019-04-22 08:10:00,GB,Clair,27.9,7.0,1.48,1.59,0.1100000000000001,1.0695131246515526,67071.0,0.0
651,2019-04-22 13:30:00,GB,Clair,28.0,7.08,1.42,1.66,0.24,0.9710926340830554,67071.0,0.0
652,2019-04-23 08:10:00,GB,Clair,27.9,7.01,1.15,1.42,0.27,0.8257061692898262,67097.0,26.0
653,2019-04-23 13:30:00,GB,Clair,28.0,7.07,1.64,1.72,0.08000000000000007,1.1296727779524982,67097.0,0.0
654,2019-04-24 08:30:00,GB,Clair,27.9,7.1,1.41,1.57,0.16000000000000014,0.9506570675302723,67135.0,38.0
655,2019-04-24 13:45:00,GB,Clair,28.0,7.15,1.53,1.62,0.09000000000000008,0.9914975230506876,67135.0,0.0
656,2019-04-25 08:30:00,GB,Clair,27.9,7.21,1.44,1.6,0.16000000000000014,0.8875398013072707,67170.0,35.0
657,2019-04-25 13:45:00,GB,Clair,28.0,7.06,1.3,1.59,0.29000000000000004,0.9018603912964892,67170.0,0.0
658,2019-04-26 08:15:00,GB,Clair,27.7,7.1,1.59,1.67,0.07999999999999985,1.073281232573963,67310.0,140.0
659,2019-04-26 15:00:00,GB,Clair,27.7,7.06,1.42,1.55,0.13000000000000012,0.9867435780120244,67310.0,0.0
660,2019-04-27 08:20:00,GB,Clair,27.9,7.23,1.43,1.65,0.22,0.8657231853303204,67334.0,24.0
661,2019-04-27 13:00:00,GB,Clair,27.9,7.2,1.51,1.71,0.2,0.938883371841138,67334.0,0.0
662,2019-04-28 08:40:00,GB,Clair,27.7,7.12,1.63,1.71,0.08000000000000007,1.083684466993005,67364.0,30.0
663,2019-04-28 14:00:00,GB,Clair,27.7,7.19,1.52,1.63,0.10999999999999988,0.9545948276608279,67364.0,0.0
664,2019-04-29 08:30:00,GB,Clair,27.7,7.0,1.55,1.73,0.17999999999999994,1.1212221309233792,67386.0,22.0
665,2019-04-29 14:45:00,GB,Clair,27.8,7.32,1.48,1.73,0.25,0.82202191457097,67386.0,0.0
666,2019-04-30 08:40:00,GB,Clair,27.7,7.14,1.68,1.87,0.19000000000000014,1.099557988594102,67425.0,39.0
667,2019-04-30 11:00:00,GB,Clair,27.9,7.2,1.58,1.96,0.3799999999999999,0.9824077665622504,67425.0,0.0
668,2019-05-02 08:30:00,GB,Clair,27.7,7.19,1.58,1.71,0.1299999999999999,0.9922762024369134,67483.0,58.0
669,2019-05-02 14:00:00,GB,Clair,27.8,7.26,1.54,1.66,0.11999999999999987,0.9074020418866874,67483.0,0.0
670,2019-05-03 08:30:00,GB,Clair,27.5,7.13,1.42,1.54,0.1200000000000001,0.937915536797306,67534.0,51.0
671,2019-05-03 14:00:00,GB,Clair,27.2,7.23,1.6,1.72,0.11999999999999987,0.9735124887412314,67534.0,0.0
672,2019-05-04 08:30:00,GB,Clair,27.3,7.03,1.77,1.88,0.10999999999999988,1.2581843590617792,67557.0,23.0
673,2019-05-04 14:00:00,GB,Clair,27.0,7.15,1.6,1.75,0.1499999999999999,1.04350435823806,67557.0,0.0
674,2019-05-05 08:20:00,GB,Clair,27.0,7.18,1.37,1.55,0.17999999999999994,0.8718141312395781,67586.0,29.0
675,2019-05-05 13:30:00,GB,Clair,27.1,7.2,1.46,1.67,0.21,0.9128001237385086,67586.0,0.0
676,2019-05-06 08:10:00,GB,Clair,27.2,7.12,1.62,1.79,0.16999999999999993,1.0803307868303866,67608.0,22.0
677,2019-05-06 14:10:00,GB,Clair,27.2,7.28,1.52,1.66,0.1399999999999999,0.8826658285156824,67608.0,0.0
678,2019-05-07 08:40:00,GB,Clair,27.4,7.1,1.54,1.66,0.11999999999999987,1.0413761325517694,67643.0,35.0
679,2019-05-07 14:30:00,GB,Clair,27.3,7.2,1.62,1.79,0.16999999999999993,1.0114347565911967,67643.0,0.0
680,2019-05-09 08:30:00,GB,Clair,27.3,7.06,1.42,1.63,0.21,0.9889389697743912,67697.0,54.0
681,2019-05-09 14:00:00,GB,Clair,27.3,7.17,1.64,1.78,0.14000000000000012,1.050255207042752,67697.0,0.0
682,2019-05-10 08:38:00,GB,Clair,27.3,7.3,1.63,1.79,0.16000000000000014,0.9274660716853718,67720.0,23.0
683,2019-05-10 14:00:00,GB,Clair,27.2,7.15,1.22,1.31,0.09000000000000008,0.7946497822799884,67720.0,0.0
684,2019-05-11 07:30:00,GB,Clair,27.2,7.18,1.12,1.33,0.21,0.7117666231079572,67720.0,0.0
685,2019-05-11 14:30:00,GB,Clair,27.3,7.1,1.35,1.64,0.2899999999999998,0.9134363567298034,67720.0,0.0
686,2019-05-12 07:50:00,GB,Clair,27.1,7.16,1.67,1.72,0.05000000000000005,1.0796994565919749,67774.0,54.0
687,2019-05-12 13:00:00,GB,Clair,27.2,7.19,1.6,1.73,0.1299999999999999,1.008249266067489,67774.0,0.0
688,2019-05-13 08:35:00,GB,Clair,27.0,7.21,1.59,1.75,0.15999999999999992,0.9861660324369691,67814.0,40.0
689,2019-05-13 14:00:00,GB,Clair,27.0,7.27,1.59,1.78,0.18999999999999995,0.933635701383462,67814.0,0.0
690,2019-05-14 08:45:00,GB,Clair,27.0,7.16,1.45,1.58,0.13000000000000012,0.938075973607506,67857.0,43.0
691,2019-05-14 14:10:00,GB,Clair,27.0,7.13,1.06,1.18,0.11999999999999987,0.7023157003542282,67857.0,0.0
692,2019-05-15 09:00:00,GB,Clair,27.0,7.34,0.92,1.12,0.20000000000000007,0.5038401004118754,67857.0,0.0
693,2019-05-15 15:00:00,GB,Clair,27.4,7.31,0.77,0.94,0.16999999999999993,0.4334260703118592,67857.0,0.0
694,2019-05-16 08:35:00,GB,Clair,27.5,7.11,0.5,0.7,0.2,0.3353764485719498,67957.0,100.0
695,2019-05-16 14:15:00,GB,Clair,27.8,7.27,0.5,0.62,0.12,0.2918188578437072,67957.0,0.0
696,2019-05-17 08:40:00,GB,Clair,27.3,7.24,1.66,1.83,0.17000000000000015,1.000159895692467,68011.0,54.0
697,2019-05-17 14:55:00,GB,Clair,27.5,7.27,1.84,2.0,0.15999999999999992,1.0763309049814709,68011.0,0.0
698,2019-05-18 08:10:00,GB,Clair,27.4,7.07,1.33,1.56,0.23,0.919235939198508,68040.0,29.0
699,2019-05-18 13:00:00,GB,Clair,27.5,7.09,1.77,1.9,0.1299999999999999,1.2050903321315565,68040.0,0.0
700,2019-05-19 08:30:00,GB,Clair,27.5,7.17,1.51,1.69,0.17999999999999994,0.9657294141042612,68119.0,79.0
701,2019-05-19 13:00:00,GB,Clair,27.5,7.22,1.6,1.81,0.21,0.9801803007312366,68119.0,0.0
702,2019-05-20 08:40:00,GB,Clair,27.4,7.23,1.91,2.08,0.17000000000000015,1.1604591569199567,68156.0,37.0
703,2019-05-20 14:40:00,GB,Clair,27.3,7.25,1.41,1.62,0.2100000000000002,0.8417398826237568,68156.0,0.0
704,2019-05-21 08:50:00,GB,Clair,27.4,7.23,1.55,1.8,0.25,0.9417338707989178,68222.0,66.0
705,2019-05-21 14:20:00,GB,Clair,27.4,7.17,1.39,1.56,0.17000000000000015,0.8895683523646131,68222.0,0.0
706,2019-05-22 08:30:00,GB,Clair,27.1,7.18,1.56,1.74,0.17999999999999994,0.992055191256308,68269.0,47.0
707,2019-05-22 14:20:00,GB,Clair,27.1,7.22,1.53,1.72,0.18999999999999995,0.9399614869861148,68269.0,0.0
708,2019-05-23 08:50:00,GB,Clair,27.4,7.25,1.52,1.7,0.17999999999999994,0.906736985121514,68367.0,98.0
709,2019-05-23 14:20:00,GB,Clair,27.4,7.3,1.63,1.8,0.17000000000000015,0.9267331546369788,68367.0,0.0
710,2019-05-24 08:45:00,GB,Clair,27.4,7.39,0.77,1.03,0.26,0.3982188984869973,68480.0,113.0
711,2019-05-24 13:40:00,GB,Clair,27.4,7.22,1.18,1.35,0.17000000000000015,0.7233948176787247,68480.0,0.0
712,2019-05-25 08:10:00,GB,Clair,27.8,7.17,0.83,0.99,0.16000000000000006,0.52978707214885,68564.0,84.0
713,2019-05-25 13:15:00,GB,Clair,27.7,7.06,1.0,1.1,0.10000000000000007,0.6948898436704398,68564.0,0.0
714,2019-05-26 08:40:00,GB,Clair,27.5,7.15,1.92,2.03,0.10999999999999988,1.248196396083947,68643.0,79.0
715,2019-05-26 13:50:00,GB,Clair,27.5,7.26,1.33,1.48,0.1499999999999999,0.7854202418596518,68643.0,0.0
716,2019-05-27 08:30:00,GB,Clair,27.5,7.29,1.2,1.39,0.18999999999999995,0.6884880314486166,68741.0,98.0
717,2019-05-27 15:45:00,GB,Clair,27.5,7.23,1.31,1.49,0.17999999999999994,0.7953458894347117,68741.0,0.0
718,2019-05-28 08:30:00,GB,Clair,27.3,7.05,1.5,1.76,0.26,1.051922587115367,68789.0,48.0
719,2019-05-28 13:30:00,GB,Clair,27.5,7.0,1.37,1.4,0.029999999999999805,0.9920130599072152,68789.0,0.0
720,2019-05-29 08:40:00,GB,Clair,27.3,7.21,0.93,1.15,0.21999999999999986,0.5756018466649112,68838.0,49.0
721,2019-05-29 14:00:00,GB,Clair,27.5,7.12,1.08,1.17,0.08999999999999986,0.7188997785170386,68838.0,0.0
722,2019-05-30 08:15:00,GB,Clair,27.5,7.29,1.48,1.6,0.1200000000000001,0.8491352387866271,68888.0,50.0
723,2019-05-30 13:40:00,GB,Clair,27.5,7.26,1.16,1.47,0.31000000000000005,0.6850281808700721,68888.0,0.0
724,2019-05-31 08:45:00,GB,Clair,27.8,7.39,1.59,1.76,0.16999999999999993,0.8194045825822965,68937.0,49.0
725,2019-05-31 14:00:00,GB,Clair,27.8,7.36,1.58,1.78,0.2,0.8414713320878103,68937.0,0.0
726,2019-06-01 08:20:00,GB,Clair,27.7,7.29,1.28,1.55,0.27,0.7332471295542252,68981.0,44.0
727,2019-06-01 13:45:00,GB,Clair,27.9,7.6,1.3,1.53,0.23,0.5142478041915727,68981.0,0.0
728,2019-06-02 08:00:00,GB,Clair,27.9,7.26,1.02,1.19,0.16999999999999993,0.600560161759927,69025.0,44.0
729,2019-06-02 12:30:00,GB,Clair,28.1,7.27,1.18,1.23,0.05000000000000005,0.6871410346976629,69025.0,0.0
730,2019-06-03 08:40:00,GB,Clair,28.0,7.45,1.33,1.48,0.1499999999999999,0.6382975995398821,69065.0,40.0
731,2019-06-03 14:10:00,GB,Clair,28.0,7.4,1.23,1.38,0.1499999999999999,0.6256931818919858,69065.0,0.0
732,2019-06-04 08:15:00,GB,Clair,27.1,7.27,0.7,0.92,0.22000000000000008,0.4107208821868239,69110.0,45.0
733,2019-06-04 14:00:00,GB,Clair,28.0,7.28,0.78,0.96,0.17999999999999994,0.45017768519961865,69110.0,0.0
737,2019-06-06 13:00:00,GB,Clair,27.7,7.34,0.97,1.19,0.22,0.5281371896954357,69158.0,48.0
738,2019-06-07 09:00:00,GB,Clair,27.8,7.4,1.36,1.57,0.21,0.6930505286070248,69246.0,88.0
739,2019-06-07 14:00:00,GB,Clair,27.8,7.28,1.49,1.84,0.3500000000000001,0.8612673470445924,69246.0,0.0
740,2019-06-08 08:30:00,GB,Clair,27.4,7.13,0.45,0.54,0.09000000000000002,0.2974111756767196,69283.0,37.0
741,2019-06-08 13:30:00,GB,Clair,27.4,7.38,0.83,0.93,0.10000000000000007,0.4340190777108939,69283.0,0.0
742,2019-06-09 08:40:00,GB,Clair,27.5,7.41,0.41,0.52,0.11000000000000004,0.2071336387297509,69283.0,0.0
743,2019-06-09 14:00:00,GB,Clair,27.3,7.45,0.65,0.8,0.15000000000000002,0.31401508335442146,69283.0,0.0
744,2019-06-10 08:30:00,GB,Clair,27.2,7.12,0.49,0.65,0.16000000000000006,0.3267667194733885,69283.0,0.0
745,2019-06-10 14:00:00,GB,Clair,27.3,7.32,0.93,1.11,0.18000000000000005,0.5186330163210667,69283.0,0.0
746,2019-06-11 08:30:00,GB,Clair,27.3,7.23,0.4,0.5,0.09999999999999998,0.2432029011285913,69283.0,0.0
747,2019-06-11 14:00:00,GB,Clair,27.3,7.03,1.03,1.19,0.15999999999999992,0.7321637795670242,69283.0,0.0
